{"current":{"apple_touch_icon":"shopify:\/\/shop_images\/apple-touch-icon.png","favicon":"shopify:\/\/shop_images\/favicon-16x16.png","favicon_print":"safari-pinned-tab.svg","body_logo_svg_code":"","body_logo_svg":"","logo":"shopify:\/\/shop_images\/logo-1_3c38bca7-3201-4760-a2f2-54e61ec83e9b.png","logo_max_width":125,"body_logo_mobile_svg":"","logo_mobile":"","import_header":"20","import_footer":"02","dir_body":"ltr","use_header_mobile_logo_center":false,"use_header_mobile_search_box":false,"use_mobile_bottom_bar":false,"use_wrap_container":false,"use_sidebar":false,"use_sidebar_r":false,"width_sidebar_layout":"container","phone_contact":"+98 765 432","email_contact":"info@demo.com","use_countdown_timezone":false,"timezone":"EST","aspect_ratio_default":"1\/1","aspect_ratio":"","use_wishlist":"local","use_compare":true,"use_quickview":true,"use_scroll_name_tabs":false,"popup_cookies":false,"popup_ageVer":false,"popup_ageVer_bg":"","review_app":"shopifyreview","zero_review":true,"mapIframe":"<iframe src=\"https:\/\/www.google.com\/maps\/embed?pb=!1m18!1m12!1m3!1d7062.289680675729!2d144.81240662484888!3d-37.74698974260446!2m3!1f0!2f0!3f0!3m2!1i1024!2i768!4f13.1!3m3!1m2!1s0x6ad65fa6dec24bad%3A0x6dc7abb8163efdc5!2s184+Main+Rd+E%2C+St+Albans+VIC+3021%2C+Australia!5e0!3m2!1sen!2sus!4v1440345347207\" width=\"800\" height=\"300\" frameborder=\"0\" style=\"border:0\" allowfullscreen=\"\"><\/iframe>","trust_image_":"shopify:\/\/shop_images\/trust_image.png","accessToken_instagram":"IGQVJWbEs0VHRjNjJVY2dNN2dTSFpfb0JhTWZAiNXNIUTRfWHU4bk84NlAyZAmFfY1NMRU16c1h3UktHMndMenNkQUZA2bU4yVFlDMkR3cHp3YUFySTVMNExLMHhaNl9OOFpGc1F6X09MVWF2S0VfR1p0SQZDZD","byTag_instagram":"","limit_instagram":"8","newsletter_popup":false,"newsletter_popup_hide_mobile":true,"newsletter_layout":"1","use_omnisend":false,"omnisend_api":"","use_klaviyo":false,"klaviyo_list_id":"","use_mailchimp":false,"newsletter_mailchimp_url":"","use_mailchimp_ajax":true,"popup_newsletter_coupon_code":"HOOLI25%OFF","home_page_keywords":"","use_snow":false,"disable_right_click":false,"ajax_cart":true,"ajax_cart_page":true,"sticky_icon_cart":false,"cart_notes_enable":true,"shipping_calculator":true,"use_gift_wrapping":true,"gift_wrap_product":"gift-wrapping","use_gift_message":true,"type_ajax_cart":"drawer","terms_conditions":true,"terms_and_privacy_conditions":"<p>I accept the <a href=\"\/pages\/terms-privacy-policy\">Terms \/ Privacy Policy.<\/a><\/p>","terms_and_privacy_conditions_noti":"<p>You must agree with the <strong>terms and conditions<\/strong> of sales to check out.<\/p>","use_threshold_in_page":true,"use_d_c_b_cart_drop":false,"use_threshold_in_drop":false,"edit_it_cart_drawer":true,"gift_wrap_cart_drawer":true,"coupon_code_cart_drawer":true,"shipping_calculator_cart_drawer":true,"note_cart_drawer":true,"use_threshold_in_drawer":true,"text_above_cart_drawer":"Taxes calculated at checkout","use_d_c_b_cart_drawer":false,"cart_notes_popup_enable":false,"use_threshold_in_popup":false,"text_above_cart_popup":"Taxes and Shipping calculated at checkout","use_d_c_b_cart_popup":false,"trust_image_popup":"","cart_products_popup_enable":false,"color_body_text":"#222222","color_body_bg":"#ffffff","color_wrap_bg":"#ffffff","image_body_bg":"","color_primary":"#ffcc02","color_secondary":"#2f4787","color_pt_bground":"#f5f5f5","color_text_announcement":"#fff","color_text_announcement_hv":"#fff","color_announcement_bg":"#cc6666","announcement_color_bg_op":1,"color_text_headert":"#7490da","color_text_headert_hv":"#ffcc02","color_headt_bg":"#2f4787","color_headt_bg_op":1,"color_icon_header":"#ffffff","color_text_header":"#ffffff","color_text_header_hv":"#ffcc02","color_head_bg":"#2f4787","color_head_bg_op":1,"color_text_headerb":"#fff","color_text_headerb_hv":"#ffcc02","color_headb_bg":"#2f4787","color_headb_bg_op":1,"color_pr_price":"#333333","color_pr_price_sale":"#ef837b","color_prvs_price":"#111","color_pr_onsale":"#fd7833","color_pr_onnew":"#7dd2ea","color_pr_onsoldout":"#222","color_prouct_page_bg":"#f2f2f2","color_text_footer":"#999999","color_title_footer":"#222222","footer_background_color":"#f9fafc","border_color_footer":"#ebebeb","btn_primary_color":"#222222","btn_primary_color_bg":"#ffcc02","btn_primary_border":"#ffcc02","btn_primary_color_hv":"#ffffff","btn_primary_color_bg_hv":"#d33e3e","btn_primary_border_hv":"#d33e3e","btn_outline_primary_color":"#ffcc02","btn_outline_primary_border":"#ffcc02","share_facebook":true,"share_twitter":true,"share_pinterest":true,"share_tumblr":true,"title_social":"Social Media","social_twitter_link":"#","social_facebook_link":"#","social_googleplus_link":"","social_pinterest_link":"#","social_instagram_link":"#","social_vk_link":"","social_linkedin_link":"","social_tumblr_link":"","social_snapchat_link":"","social_youtube_link":"#","social_vimeo_link":"","coll_width_section":"container","coll_width_content":true,"sort_enable":true,"list_categories_enable":true,"list_categories_linklist":"list-collections-search","coll_masonry":false,"coll_gridlist_enable":true,"coll_breadcrumb_enable":true,"coll_shop_layout":"","coll_sidebar_layout":"left","coll_list_enable":false,"coll_grid":"3","coll_layout":"infinity","coll_limit":16,"coll_grid_layout":"","multi_flts_or":false,"filter_price_list":"$7-$50, $50-$150, $150-$500","use_first_avai_img":false,"img_type":"nonstretch","use_second_img":false,"product_grid_layout":"05","label_style":"03","pr_grid_talg":"text-center","price_varies_style":"0","use_sale_label":true,"use_new_label":false,"new_day":"30","use_review_grid":true,"use_vendor_grid":false,"use_countdown_grid":true,"countdown_grid_style":"01","use_add_to_cart_btn":true,"qs_show_vars_list":true,"qs_use_name_opt":false,"qs_show_first_opt":true,"qs_hide_only_1_opt":true,"qs_hide_on_mobile":false,"qs_swatch_style":"color","qs_op_swatch1":"Color","qs_is_use1":true,"qs_option_style_1":"circle _small","qs_op_swatch2":"Size","qs_is_use2":false,"qs_option_style_2":"list list_1","qs_op_swatch3":"","qs_is_use3":false,"qs_option_style_3":"list list_1","qs_op_swatch4":"","qs_is_use4":false,"qs_option_style_4":"list list_1","qs_op_swatch5":"","qs_is_use5":false,"qs_option_style_5":"list list_1","product_width_section":"container","product_width_content":true,"max_width_photo":100,"use_thumb":true,"use_thumb_vertical":false,"max_width_vertical_thumbnail":21,"use_thumb_hidden_on_mb":false,"use_maxheight":false,"img_type_prd_single":"normal","gallery":false,"use_zoom":false,"use_wide":true,"use_ask":false,"show_vendor":true,"show_sku":true,"show_shortdes":true,"show_categories":true,"show_quantity_selector":true,"use_shipping_info":false,"use_delivery_time":true,"use_fbt_box":true,"show_share_buttons":true,"trust_image_prdsingle":false,"show_add_to_cart_btn":true,"atc_btn":"btn-primary","atc_btn_rounded":"btn-rounded","atc_btn_shadow":true,"atc_btn_big":true,"atc_btn_ani":true,"size_guide":"size-chart","shipping":"shipping-returns-tab","use_name_opt":true,"swatch_style":"color","op_swatch1":"Color","is_use1":true,"option_style_1":"not_select circle","op1_size":20,"op1_attach":false,"op1_pre_select":false,"op_swatch2":"Size","is_use2":false,"option_style_2":"combobox","op2_size":20,"op2_attach":true,"op2_pre_select":true,"op_swatch3":"","is_use3":false,"option_style_3":"combobox","op3_size":20,"op3_attach":false,"op3_pre_select":false,"op_swatch4":"","is_use4":false,"option_style_4":"combobox","op4_size":20,"op4_pre_select":false,"op4_attach":false,"op_swatch5":"","is_use5":false,"option_style_5":"combobox","op5_size":20,"op5_attach":false,"op5_pre_select":false,"show_sticky_add":true,"show_sticky_add_mobile":true,"sticky_position":"bottom","sticky_style":"light","show_sticky_img":true,"show_sticky_quantiny":true,"qv_use_thumb":true,"qv_use_thumb_vertical":true,"qv_show_shortdes":false,"use_search":true,"use_search_ajax":true,"use_search_by_collection":true,"search_type_page":false,"search_type_article":false,"limit_search":15,"blog_layout":"06","blog_pagination":9,"article_layout":"02","modal_login":false,"terms_conditions_register":false,"terms_and_privacy_conditions_register":"<p>I accept the <a href=\"\/pages\/terms-privacy-policy\">Terms \/ Privacy Policy.<\/a><\/p>","terms_and_privacy_conditions_noti_register":"<p>You must agree with the <strong>terms and conditions<\/strong> of sales to check out.<\/p>","font_base_family_shopify":"poppins_n4","fsize_body":62.5,"fsize_body_mb":62.5,"link_google_f":"<link href=\"https:\/\/fonts.googleapis.com\/css2?family=Jost:wght@300;400;500&amp;family=Inter:wght@400;500;600;700&amp;display=swap\" rel=\"stylesheet\">","font_main_header_family":"poppins_n6","ttranf_main_header":"uppercase","fsize_header_lv1":1.5,"fsize_section_title":2.8,"fsize_section_title_mb":2.4,"fweight_section_title":"600","fsize_section_stitle":1.6,"ffmaily_section_stitle":"poppins_n4","fstyle_section_stitle":"normal","fsize_psingle_title":2.4,"ttranf_psingle_title":"capitalize","fweight_psingle_title":"400","fstyle_psingle_stitle":"none","fsize_psingle_price":2.4,"show_multiple_currencies":true,"currency_options":"customize","use_auto_currencies":false,"currency_format":"money_format","supported_currencies":"INR GBP CAD USD AUD EUR JPY","show_real_time_visitor":true,"real_time_max":100,"real_interval_time":2,"bg_count":"#e53939","enable_delivery_option":false,"delivery_from_date":10,"delivery_to_date":15,"delivery_off_saturday":true,"delivery_off_sunday":true,"delivery_off_days":"23\/12\/****|24\/12\/****|01\/01\/****","delivery_format_date":"dddd MM\/DD\/YYYY","enable_suggest_products":false,"collection_suggest":"all-h11-1","display_index":true,"display_product":true,"display_collection":false,"display_article":false,"display_blog":false,"display_cart":false,"display_page":false,"delay_time":"7000","show_time":"7000","use_suggest":true,"use_fake_location":true,"fake_location":"Melbourne, Australia | Washington | Nevada","show_close_suggest":true,"stock_countdown":true,"time_countdown":"","total_items_hours":8,"total_items_minutes":59,"total_items_seconds":60,"use_progress_bar_out_of_stock":true,"total_items":50,"stock_from":12,"stock_to":20,"stock_message":"Hurry! Only #stock_number left in stock.","stock_bg_process":"#e53939","stock_bg":"#e9ecef","free_shipping_above":"2000.99","free_shipping_above_prd":"","countdown_cart":true,"countdown_cart_minutes":4,"countdown_cart_text":"<i class=\"fkt-lg fkt-info-circle mr-1\"><\/i>Someone has placed an order on one of the items you have in the cart. We'll keep it for you for <strong id=\"timer_count\">0:00<\/strong> minutes.","custom_html_head":"<link rel=\"preconnect\" href=\"https:\/\/fonts.gstatic.com\">\n<style>body {\n--f_family: 'Inter', sans-serif;\n}\n:root {\n--f_family_second: 'Jost', sans-serif;\n}<\/style>","show_custom_css":true,"custom_css":"@media (min-width: 1430px){\n:root {\n  --max-container: 1420px;\n}\n}\n.footer {\n  font-size: 1.5rem;\n}\nfooter .widget-about-title {\n  font-weight: 600;\n  font-size: 1.6rem;\n  color: #222;\n}\n.footer .widget-about-info a {\n  color: #2f4787;\n  font-weight: 600;\n}\nfooter .widget-about-info a:hover {\n  color: var(--primary);\n}\nfooter .widget-title {\n  font-weight: 600;\n  font-size: 1.8rem;\n}\n.content_1610590433794 .brands-slide.style-default .icon__brand {\n    border: 1px solid #E1E1E1 !important;\n    border-radius: 3px;\n    transition: background 0.3s,border 0.3s,border-radius 0.3s,box-shadow 0.3s;\n}\n.content_1610590433794 .brands-slide.style-default .icon__brand:hover {\n  background-color: #FFF;\n  box-shadow: 0 5px 8px 0 rgb(0 0 0 \/ 5%);\n}\n.content_1614150509091 .imgs__banner_template8 .text-content .btn {\n  font-weight: 600;\n  padding: 1rem 0;\n  min-width: auto;\n  border-width: 0 0 2px;\n  background-color: transparent;\n}\n.content_1614150509091 .imgs__banner_template8 .text-content .btn:hover {\n  color: #fff;\n  border-color: #fff;\n}\n.content_1614151949218 {        text-align: center;\n  background-size: cover;\n}\n.item-blog .read-more {\n   text-transform: capitalize;\n  font-size: 1.5rem;\n  --btn_color: var(--secondary);\n}\n.item-blog .read-more:hover {\n  --btn_color: var(--primary);\n}","xs_custom_css":"","sm_custom_css":"","md_custom_css":".content_1614151949218 {        text-align: initial;\n}","lg_custom_css":".header.style-08 .block-search {\n border-radius: 5px;\n}","xl_custom_css":"","xxl_custom_css":".content_1612489778594 .container {\n    max-width: 1200px;\n}","business_use_jsonld":true,"business_type_jsonld":"ClothingStore","business_logo_jsonld":"","business_image_jsonld":"","business_phone_jsonld":"","business_openinghours_jsonld":"","business_sameas_jsonld":"","business_hasmap_jsonld":"","business_pricerange_jsonld":"","business_brand_jsonld":"","business_saddress_jsonld":"","business_caddress_jsonld":"","business_paddress_jsonld":"","business_zaddress_jsonld":"","business_coaddress_jsonld":"","use_app":false,"name_app":"","names_app":"","favicon_app":"shopify:\/\/shop_images\/android-chrome-256x256_cda51ca9-488c-42b6-a04c-d4255fb059e2.png","favicon_xml":"shopify:\/\/shop_images\/mstile-150x150.png","checkout_header_image":"","checkout_logo_image":"","checkout_logo_position":"left","checkout_logo_size":"medium","checkout_body_background_image":"","checkout_body_background_color":"#fff","checkout_input_background_color_mode":"white","checkout_sidebar_background_image":"","checkout_sidebar_background_color":"#fafafa","checkout_heading_font":"-apple-system, BlinkMacSystemFont, 'Segoe UI', Roboto, Helvetica, Arial, sans-serif, 'Apple Color Emoji', 'Segoe UI Emoji', 'Segoe UI Symbol'","checkout_body_font":"-apple-system, BlinkMacSystemFont, 'Segoe UI', Roboto, Helvetica, Arial, sans-serif, 'Apple Color Emoji', 'Segoe UI Emoji', 'Segoe UI Symbol'","checkout_accent_color":"#197bbd","checkout_button_color":"#197bbd","checkout_error_color":"#e32c2b","sections":{"header-20":{"type":"header-20","blocks":{"1566378197076":{"type":"top_menu","settings":{"call_us_show":true,"email_show":false,"social_contact_show":false,"wishlist_show":false,"compare_show":false,"account_show":false,"link_inline_show":false,"link_inline":"","link_dropdown_show":false,"link_dropdown":"","account_dropdown_show":false,"currency_dropdown_show":false,"language_app_show":false,"language_app_html":"","custom_show":false,"custom_html":"","col":"auto"}},"1566378228269":{"type":"top_menu","settings":{"call_us_show":false,"email_show":false,"social_contact_show":false,"wishlist_show":true,"compare_show":false,"account_show":true,"link_inline_show":true,"link_inline":"","link_dropdown_show":false,"link_dropdown":"","account_dropdown_show":false,"currency_dropdown_show":true,"language_app_show":false,"language_app_html":"","custom_show":false,"custom_html":"","col":"auto"}},"1566368019155":{"type":"promo","settings":{"name_item":"Home","button_link":"\/","label":"","menu_links_width":"1400px","sub_width":8,"menu_links":"","menu_links_per_col":"1","promo_width":12,"use_promo_html":true,"page_promo_html":"home-demo","textarea_promo_html":""}},"1566368918749":{"type":"promo","settings":{"name_item":"Shop","label":"","menu_links_width":"970px","sub_width":9,"menu_links":"shop","menu_links_per_col":"3","promo_width":3,"promo_image":"shopify:\/\/shop_images\/banner-1.1.jpg","promo_link":"#","use_promo_html":false,"page_promo_html":"","textarea_promo_html":""}},"1566370135707":{"type":"promo","settings":{"name_item":"Product","button_link":"shopify:\/\/collections\/all","label":"","menu_links_width":"795px","sub_width":8,"menu_links":"product","menu_links_per_col":"2","promo_width":4,"promo_image":"shopify:\/\/shop_images\/banner-2.1.jpg","promo_link":"#","use_promo_html":false,"page_promo_html":"","textarea_promo_html":""}},"1566370958829":{"type":"standard","settings":{"label":"","menu_links":"pages"}},"1566371222294":{"type":"standard","settings":{"label":"","menu_links":"blog"}},"1571208409109":{"type":"link","settings":{"button_link":"http:\/\/bit.ly\/2PkTTWG","title":"Buy Molla!","label":"HOT"}},"997a01bc-ae79-4588-8de0-3215929d0114":{"type":"hot_1","settings":{"title":"<i class=\"fkt-sketch\" style=\"color: #fff\"><\/i><p style=\"color: #fff\">Clearance Up to<span class=\"text-primary\"> 30% Off<\/span><\/p>"}}},"block_order":["1566378197076","1566378228269","1566368019155","1566368918749","1566370135707","1566370958829","1566371222294","1571208409109","997a01bc-ae79-4588-8de0-3215929d0114"],"settings":{"use_header_announcement":false,"sticky_header_announcement":false,"width_announcement":"container","width_content":true,"announcement_reponsive":"{\n  \"0\": {\n    \"slidesPerView\": 1,\n    \"spaceBetween\": 0\n  },\n  \"320\": {\n    \"slidesPerView\": 1,\n    \"spaceBetween\": 0\n  },\n  \"768\": {\n    \"slidesPerView\": 1,\n    \"spaceBetween\": 0\n  },\n  \"992\": {\n    \"slidesPerView\": 1,\n    \"spaceBetween\": 0\n  },\n  \"1200\": {\n    \"slidesPerView\": 1,\n    \"spaceBetween\": 0\n  }\n}","announcement_margin_top":"","announcement_margin_bottom":"","announcement_padding":"","announcement_onm":false,"announcement_ont":false,"use_header_top":true,"sticky_header_top":true,"width_header_top":"container","header_top_margin_top":"","header_top_margin_bottom":"","header_top_padding":"0.6rem 0","header_top_onm":false,"header_top_ont":false,"sticky_menu":true,"width_header":"container","header_margin_top":"","header_margin_bottom":"","header_padding":"","use_account":true,"use_compare":true,"use_wishlist":true,"use_cart":true,"padding_size":2.4,"main_linklist":"","title_categories":"Browse Categories","list_categories_2":"browse-categories-2","list_categories_2_open":false}},"header-mobile":{"type":"header-mobile","blocks":{"1566369290802":{"type":"item_menu","settings":{"menu_links":"main-menu","title":"Menu","call_us_show":false,"email_show":false,"wishlist_show":false,"compare_show":false,"account_show":false,"currency_dropdown_show":false,"language_app_show":false,"language_app_html":"","custom_show":false,"custom_html":""}},"1569201878982":{"type":"item_categories_1","settings":{"menu_links":"browse-categories","title":"Categories"}}},"block_order":["1566369290802","1569201878982"],"settings":{"use_lazy":true,"use_search":true}},"custom_color":{"type":"custom_color","blocks":{"1570843796803":{"type":"color","settings":{"title":"Navy polka dot","color_1_c":"","color_2_c":"","color_img":true}},"1570843956465":{"type":"color","settings":{"title":"Light Blue polka dot","color_1_c":"","color_2_c":"","color_img":true}},"1588305863169":{"type":"label","settings":{"title":"new","color":"#ffffff","bg_color":"#1cc0a0"}},"1588305874679":{"type":"label","settings":{"title":"hot","color":"#ffffff","bg_color":"#ef837b"}}},"block_order":["1570843796803","1570843956465","1588305863169","1588305874679"],"settings":{}},"cookies_popup":{"type":"cookies_popup","settings":{"cookies_popup_text":"We use cookies to improve your experience on our website. By browsing this website, you agree to our use of cookies."}},"kt_banner_all_page":{"type":"kt_banner_all_page","settings":{"title":"Banner all page","off_section":true,"off_mobile":false,"off_desktop":false,"width_section":"container","width_content":true,"section_margin_top":"","section_margin_bottom":"","section_padding":"","section_bg":"","section_bg_op":0.5,"message_richtext":"<p>Now These Bestsellers are back in stock &amp; ready for action!<\/p>","textBtn":"Shop Now <i class=\"fa fa-caret-right\" aria-hidden=\"true\"><\/i>","load_btn":false,"style_btn":"btn-outline-darker","style_btn_rounded":"","btn_shadow":false}},"kt_top_banner":{"type":"kt_top_banner","blocks":{"1570844648685":{"type":"collection_banner","settings":{"off_section":false,"off_mobile":false,"off_desktop":false,"html":"<div class=\"page-header text-center\">\n<h1 class=\"page-title\">Grid Columns<span>Shop<\/span>\n<\/h1>\n<\/div>","by_handle_1":"","by_handle_2":"","by_handle_3":"","by_handle_11":"all_handle","width_section":"w-100","width_content":false,"section_margin_top":"","section_margin_bottom":"","section_padding":"4.5rem 0","section_bg":"","section_bg_op":0.5,"image":"shopify:\/\/shop_images\/page-header-bg.jpg"}},"1571727555274":{"type":"cart_banner","settings":{"off_section":false,"off_mobile":false,"off_desktop":false,"html":"<div class=\"page-header text-center\"><h1 class=\"page-title\">Shopping Cart<span>Shop<\/span>\n<\/h1><\/div>","width_section":"w-100","width_content":true,"section_margin_top":"","section_margin_bottom":"","section_padding":"4.6rem 0 5rem","section_bg":"","section_bg_op":0.5,"image":"shopify:\/\/shop_images\/page-header-bg.jpg"}},"1571926336502":{"type":"page_banner","settings":{"off_section":false,"off_mobile":false,"off_desktop":false,"html":"<div class=\"page-header text-center\"><h1 class=\"page-title\">About us 2<span>Page<\/span>\n<\/h1><\/div>","by_handle_1":"about-us-2","by_handle_2":"","by_handle_3":"","by_handle_11":"","width_section":"w-100","width_content":true,"section_margin_top":"","section_margin_bottom":"","section_padding":"4.6rem 0 5rem","section_bg":"","section_bg_op":0.5,"image":"shopify:\/\/shop_images\/page-header-bg.jpg"}},"1572080254452":{"type":"page_banner","settings":{"off_section":false,"off_mobile":false,"off_desktop":false,"html":"<div class=\"page-header text-center\"><h1 class=\"page-title\">F.A.Q<span>Pages<\/span>\n<\/h1><\/div>","by_handle_1":"faq","by_handle_2":"","by_handle_3":"","by_handle_11":"","width_section":"w-100","width_content":true,"section_margin_top":"","section_margin_bottom":"","section_padding":"4.6rem 0 5rem","section_bg":"","section_bg_op":0.5,"image":"shopify:\/\/shop_images\/page-header-bg.jpg"}},"1572235272285":{"type":"account_banner","settings":{"off_section":false,"off_mobile":false,"off_desktop":false,"html":"<div class=\"page-header text-center\"><h1 class=\"page-title\">My Account<span>Shop<\/span>\n<\/h1><\/div>","width_section":"w-100","width_content":true,"section_margin_top":"","section_margin_bottom":"","section_padding":"4.6rem 0 5rem","section_bg":"","section_bg_op":0.5,"image":"shopify:\/\/shop_images\/page-header-bg.jpg"}}},"block_order":["1570844648685","1571727555274","1571926336502","1572080254452","1572235272285"],"settings":{"title":"Top banner"}},"product-template":{"type":"product-template","blocks":{"1566381177638":{"type":"tb_description","settings":{"show_tab":true,"tab_title":"Description","tab_width":"container"}},"1566381180677":{"type":"tb_details","settings":{"show_tab":true,"tab_title":"Additional information","show_vendor":true,"show_type":true,"show_sku":true,"show_weight":true}},"1566381183176":{"type":"tb_shipping","settings":{"show_tab":true,"tab_title":"Shipping & Returns","use_shipping_info":true,"use_delivery_time":true}},"65fc9978-5aa9-4087-88d9-522639566ca1":{"type":"tb_review","settings":{"show_tab":true,"tab_title":"Review(s)"}}},"block_order":["1566381177638","1566381180677","1566381183176","65fc9978-5aa9-4087-88d9-522639566ca1"],"settings":{"layout":"7","layout_tabs":"1","use_d_c_b":false}},"kt_recentlyViewedProducts":{"type":"kt_recentlyViewedProducts","settings":{"title":"Recently viewed Products","off_section":false,"off_mobile":false,"off_desktop":false,"width_section":"container","width_content":true,"section_margin_top":"","section_margin_bottom":"","section_padding":"0 0 5rem","section_bg":"","section_bg_op":0.5,"product_recently_title":"Recently viewed","product_recently_stitle":"","autoplay":false,"use_navigation":true,"nav_style":"-default","nav_mode":"default","nav_position":"nav-center-outside","use_dots":false,"dots_mode":"default","dots_position":"inside","responsive":"{\n  \"0\": {\n    \"slidesPerView\": 1,\n    \"spaceBetween\": 0\n  },\n  \"320\": {\n    \"slidesPerView\": 2,\n    \"spaceBetween\": 10\n  },\n  \"768\": {\n    \"slidesPerView\": 2,\n    \"spaceBetween\": 20\n  },\n  \"992\": {\n    \"slidesPerView\": 3,\n    \"spaceBetween\": 20\n  },\n  \"1200\": {\n    \"slidesPerView\": 5,\n    \"spaceBetween\": 20\n  }\n}"}},"kt_related-products":{"type":"kt_related-products","settings":{"title":"Related Products","off_section":false,"off_mobile":false,"off_desktop":false,"width_section":"w-100","width_content":true,"section_margin_top":"","section_margin_bottom":"","section_padding":"0 0 6rem","section_bg":"","section_bg_op":0.5,"title_section":"You May Also Like","stitle_section":"","reverse":false,"title_align":"text-center","margin_btitle":3,"recommendations_enable":true,"product_related_collection":"","product_items":8,"autoplay":false,"use_navigation":true,"nav_style":"-default","nav_mode":"default","nav_position":"nav-default","use_dots":false,"dots_mode":"default","dots_position":"inside","responsive":"{\n  \"0\": {\n    \"slidesPerView\": 1,\n    \"spaceBetween\": 0\n  },\n  \"320\": {\n    \"slidesPerView\": 2,\n    \"spaceBetween\": 10\n  },\n  \"768\": {\n    \"slidesPerView\": 2,\n    \"spaceBetween\": 20\n  },\n  \"992\": {\n    \"slidesPerView\": 3,\n    \"spaceBetween\": 20\n  },\n  \"1200\": {\n    \"slidesPerView\": 5,\n    \"spaceBetween\": 20\n  }\n}"}},"collection-filter":{"type":"collection-filter","blocks":{"1566450149734":{"type":"item_categories","settings":{"key":"kt_categories","block_width":"auto"}},"1566449220908":{"type":"item","settings":{"title":"Size","tags":"","key":"Size","block_width":"auto","block_style":"1","use_split":false}},"1566449246833":{"type":"item","settings":{"title":"Color","tags":"","key":"Color","block_width":"auto","block_style":"5","use_split":false}},"1566449758793":{"type":"item","settings":{"title":"Brand","tags":"","key":"Vendor","block_width":"auto","block_style":"1","use_split":false}},"1566449984325":{"type":"item","settings":{"title":"Price","tags":"","key":"Price","block_width":"auto","block_style":"1","use_split":false}}},"block_order":["1566450149734","1566449220908","1566449246833","1566449758793","1566449984325"],"settings":{"color_groups":"Color","brands_icon":""}},"login-register-template":{"type":"login-register-template","settings":{"width_section":"w-100","width_content":true,"section_margin_top":"","section_margin_bottom":"","section_padding":"17.5rem 0 17.5rem","section_bg":"","section_bg_op":0.5,"image":"shopify:\/\/shop_images\/login-bg.jpg"}},"404-template":{"type":"404-template","settings":{"img":"shopify:\/\/shop_images\/error-bg.jpg","url":"shopify:\/\/collections\/all"}},"about-template":{"type":"about-template","blocks":{"1566459467440":{"type":"item_banner","settings":{"off_block":false,"off_mobile":false,"off_desktop":false,"width_section":"container","width_content":true,"section_margin_top":"","section_margin_bottom":"","section_padding":"4.5rem 0","section_bg":"","section_bg_op":0.5,"image":"shopify:\/\/shop_images\/about-header-bg.jpg","html_content":"About us<span>Who we are<\/span>","title_1":"Our Vision","html_content_1":"Lorem ipsum dolor sit amet, consectetuer adipiscing elit. Phasellus hendrerit. Pellentesque aliquet nibh nec urna. In nisi neque, aliquet vel, dapibus id, mattis vel, nisi. Sed pretium, ligula sollicitudin laoreet viverra, tortor libero sodales leo, eget blandit nunc tortor eu nibh.","title_2":"Our Mission","html_content_2":"Sed egestas, ante et vulputate volutpat, eros pede semper est, vitae luctus metus libero eu augue. Morbi purus libero, faucibus adipiscing, commodo quis, gravida id, est. Sed lectus. <br>Praesent elementum hendrerit tortor. Sed semper lorem at felis."}},"1566459607551":{"type":"item_who_we_are","settings":{"off_block":false,"off_mobile":false,"off_desktop":false,"width_section":"w-100","width_content":true,"section_margin_top":"5rem","section_margin_bottom":"","section_padding":"5rem 0","section_bg":"#f9f9f9","section_bg_op":1,"title":"Who We Are","html_content":"<p class=\"lead text-primary mb-3\">Pellentesque odio nisi, euismod pharetra a ultricies <br>in diam. Sed arcu. Cras consequat<\/p><p class=\"mb-2\">Sed pretium, ligula sollicitudin laoreet viverra, tortor libero sodales leo, eget blandit nunc tortor eu nibh. Suspendisse potenti. Sed egestas, ante et vulputate volutpat, uctus metus libero eu augue. <\/p>","btn_name":"<span>VIEW OUR NEWS<\/span><i class=\"fkt-long-arrow-right\"><\/i>","btn_url":"","image":"shopify:\/\/shop_images\/Untitled-1.jpg"}},"1566460216036":{"type":"item_brands_info","settings":{"off_block":false,"off_mobile":false,"off_desktop":false,"width_section":"container","width_content":true,"section_margin_top":"8rem","section_margin_bottom":"","section_padding":"","section_bg":"","section_bg_op":0.5,"title":"The world's premium design brands in one destination.","html_content":"Phasellus hendrerit. Pellentesque aliquet nibh nec urna. In nisi neque, aliquet vel, dapibus id, mattis vel, nis","image_1":"shopify:\/\/shop_images\/logo-6.png","brand_call_to_action_1":"","image_2":"shopify:\/\/shop_images\/logo-5.png","brand_call_to_action_2":"","image_3":"shopify:\/\/shop_images\/logo-4.png","brand_call_to_action_3":"","image_4":"shopify:\/\/shop_images\/logo-3.png","brand_call_to_action_4":"","image_5":"shopify:\/\/shop_images\/logo-2.png","brand_call_to_action_5":"","image_6":"shopify:\/\/shop_images\/logo-1.png","brand_call_to_action_6":"","image_7":"shopify:\/\/shop_images\/logo.png","brand_call_to_action_7":"","image_8":"shopify:\/\/shop_images\/logo-7.png","brand_call_to_action_8":"","image_9":"shopify:\/\/shop_images\/logo98.png","brand_call_to_action_9":""}},"1566460432072":{"type":"item_meet_our_team","settings":{"off_block":false,"off_mobile":false,"off_desktop":false,"width_section":"container","width_content":true,"section_margin_top":"","section_margin_bottom":"","section_padding":"","section_bg":"","section_bg_op":0.5,"title":"Meet Our Team","image_avatar_1":"shopify:\/\/shop_images\/member-1.jpg","name_1":"Samanta Grey<span>Founder & CEO<\/span>","info_1":"Sed pretium, ligula sollicitudin viverra, tortor libero sodales leo, eget blandit nunc.","social_twitter_link_1":"#","social_facebook_link_1":"#","social_instagram_link_1":"#","image_avatar_2":"shopify:\/\/shop_images\/member-2.jpg","name_2":"Bruce Sutton<span>Sales & Marketing Manager<\/span>","info_2":"Sed pretium, ligula sollicitudin viverra, tortor libero sodales leo, eget blandit nunc.","social_twitter_link_2":"#","social_facebook_link_2":"#","social_instagram_link_2":"#","image_avatar_3":"shopify:\/\/shop_images\/member-3.jpg","name_3":"Janet Joy<span>Product Manager<\/span>","info_3":"Sed pretium, ligula sollicitudin viverra, tortor libero sodales leo, eget blandit nunc.","social_twitter_link_3":"#","social_facebook_link_3":"#","social_instagram_link_3":"#","image_avatar_4":"","name_4":"Samanta Grey<span>Founder & CEO<\/span>","info_4":"Sed pretium, ligula sollicitudin viverra, tortor libero sodales leo, eget blandit nunc.","social_twitter_link_4":"","social_facebook_link_4":"","social_instagram_link_4":"","image_avatar_5":"","name_5":"Samanta Grey<span>Founder & CEO<\/span>","info_5":"Sed pretium, ligula sollicitudin viverra, tortor libero sodales leo, eget blandit nunc.","social_twitter_link_5":"","social_facebook_link_5":"","social_instagram_link_5":"","image_avatar_6":"","name_6":"Samanta Grey<span>Founder & CEO<\/span>","info_6":"Sed pretium, ligula sollicitudin viverra, tortor libero sodales leo, eget blandit nunc.","social_twitter_link_6":"","social_facebook_link_6":"","social_instagram_link_6":""}},"1566460593227":{"type":"item_customer_say","settings":{"off_block":false,"off_mobile":false,"off_desktop":false,"width_section":"w-100","width_content":true,"section_margin_top":"","section_margin_bottom":"","section_padding":"6rem 0","section_bg":"#f9f9f9","section_bg_op":1,"title":"What Customer Say About Us","image_avatar_1":"shopify:\/\/shop_images\/user-1.jpg","name_1":"Victoria Ventura<span>Customer<\/span>","info_1":"Impedit, ratione sequi, sunt incidunt magnam et. Delectus obcaecati optio eius error libero perferendis nesciunt atque dolores magni recusandae! Doloremque quidem error eum quis similique doloribus natus qui ut ipsum.Velit quos ipsa exercitationem, vel unde obcaecati impedit eveniet non.","image_avatar_2":"shopify:\/\/shop_images\/user-2.jpg","name_2":"Victoria Ventura<span>Customer<\/span>","info_2":"Impedit, ratione sequi, sunt incidunt magnam et. Delectus obcaecati optio eius error libero perferendis nesciunt atque dolores magni recusandae! Doloremque quidem error eum quis similique doloribus natus qui ut ipsum.Velit quos ipsa exercitationem, vel unde obcaecati impedit eveniet non.","image_avatar_3":"","name_3":"Victoria Ventura<span>Customer<\/span>","info_3":"Impedit, ratione sequi, sunt incidunt magnam et. Delectus obcaecati optio eius error libero perferendis nesciunt atque dolores magni recusandae! Doloremque quidem error eum quis similique doloribus natus qui ut ipsum.Velit quos ipsa exercitationem, vel unde obcaecati impedit eveniet non.","image_avatar_4":"","name_4":"Victoria Ventura<span>Customer<\/span>","info_4":"Impedit, ratione sequi, sunt incidunt magnam et. Delectus obcaecati optio eius error libero perferendis nesciunt atque dolores magni recusandae! Doloremque quidem error eum quis similique doloribus natus qui ut ipsum.Velit quos ipsa exercitationem, vel unde obcaecati impedit eveniet non.","image_avatar_5":"","name_5":"Victoria Ventura<span>Customer<\/span>","info_5":"Impedit, ratione sequi, sunt incidunt magnam et. Delectus obcaecati optio eius error libero perferendis nesciunt atque dolores magni recusandae! Doloremque quidem error eum quis similique doloribus natus qui ut ipsum.Velit quos ipsa exercitationem, vel unde obcaecati impedit eveniet non.","image_avatar_6":"","name_6":"Victoria Ventura<span>Customer<\/span>","info_6":"Impedit, ratione sequi, sunt incidunt magnam et. Delectus obcaecati optio eius error libero perferendis nesciunt atque dolores magni recusandae! Doloremque quidem error eum quis similique doloribus natus qui ut ipsum.Velit quos ipsa exercitationem, vel unde obcaecati impedit eveniet non.","autoplay":false,"use_navigation":true,"nav_style":"-default","nav_mode":"default","nav_position":"nav-default","use_dots":false,"dots_mode":"default","dots_position":"inside","responsive":"{\n  \"0\": {\n    \"slidesPerView\": 1,\n    \"spaceBetween\": 20\n  },\n  \"320\": {\n    \"slidesPerView\": 1,\n    \"spaceBetween\": 20\n  },\n  \"768\": {\n    \"slidesPerView\": 1,\n    \"spaceBetween\": 20\n  },\n  \"992\": {\n    \"slidesPerView\": 1,\n    \"spaceBetween\": 20\n  },\n  \"1200\": {\n    \"slidesPerView\": 1,\n    \"spaceBetween\": 20\n  }\n}"}}},"block_order":["1566459467440","1566459607551","1566460216036","1566460432072","1566460593227"],"settings":{}},"about-template-2":{"type":"about-template-2","blocks":{"1566460784606":{"type":"item_who_we_are","settings":{"off_block":false,"off_mobile":false,"off_desktop":false,"width_section":"container","width_content":true,"section_margin_top":"7rem","section_margin_bottom":"","section_padding":"","section_bg":"","section_bg_op":0.5,"title":"Who We Are","html_content":"<p>Sed pretium, ligula sollicitudin laoreet viverra, tortor libero sodales leo, eget blandit nunc tortor eu nibh. Suspendisse potenti. Sed egestas, ante et vulputate volutpat, uctus metus libero eu augue. Morbi purus libero, faucibus adipiscing, commodo quis, gravida id, est. Sed lectus. Praesent elementum hendrerit tortor. Sed semper lorem at felis.<\/p>","image_signature":"shopify:\/\/shop_images\/signature.png","image":"shopify:\/\/shop_images\/img-1.jpg"}},"1566460823506":{"type":"item_icons","settings":{"off_block":false,"off_mobile":false,"off_desktop":false,"width_section":"container","width_content":true,"section_margin_top":"5rem","section_margin_bottom":"","section_padding":"","section_bg":"","section_bg_op":0.5,"icon_font_1":"","icon_1":"","title_1":"Design Quality","content_1":"Sed egestas, ante et vulputate volutpat, eros pede semper est, vitae luctus metus libero <br>eu augue.","url_1":"","icon_font_2":"fkt-life-ring","icon_2":"","title_2":"Professional Support","content_2":"Praesent dapibus, neque id cursus faucibus, <br>tortor neque egestas augue, eu vulputate <br>magna eros eu erat.","url_2":"","icon_font_3":"fkt-heart-o","icon_3":"","title_3":"Made With Love","content_3":"Pellentesque a diam sit amet mi ullamcorper <br>vehicula. Nullam quis massa sit amet <br>nibh viverra malesuada.","url_3":"","icon_font_4":"","icon_4":"","title_4":"","content_4":"","url_4":""}},"1566460925430":{"type":"item_count","settings":{"off_block":false,"off_mobile":false,"off_desktop":false,"width_section":"w-100","width_content":true,"section_margin_top":"","section_margin_bottom":"","section_padding":"6rem 0 4rem|7rem 0 5rem|8rem 0 6rem|9rem 0 7rem|12rem 0 9rem","section_bg":"","section_bg_op":0.5,"image":"shopify:\/\/shop_images\/bg-4.jpg","bg_effect":"simple","parallax_speed":0.2,"count_1":"41","unit_1":"K+","title_1":"Happy Customer","count_2":"20","unit_2":"+","title_2":"Years in Business","count_3":"97","unit_3":"%","title_3":"Return Clients","count_4":"15","unit_4":"","title_4":"Awards Won"}},"1566461002748":{"type":"item_meet_our_team","settings":{"off_block":false,"off_mobile":false,"off_desktop":false,"width_section":"w-100","width_content":true,"section_margin_top":"","section_margin_bottom":"","section_padding":"6rem 0","section_bg":"#f9f9f9","section_bg_op":1,"title":"Meet Our Team","image_avatar_1":"shopify:\/\/shop_images\/member-1_a472bd77-93a2-41a3-99fb-fd5ddbb9fd40.jpg","name_1":"Samanta Grey<span>Founder & CEO<\/span>","social_twitter_link_1":"#","social_facebook_link_1":"#","social_instagram_link_1":"#","image_avatar_2":"shopify:\/\/shop_images\/member-2_69ba98da-951c-4cc3-a029-4a404901b18b.jpg","name_2":"Bruce Sutton<span>Sales & Marketing Manager<\/span>","social_twitter_link_2":"#","social_facebook_link_2":"#","social_instagram_link_2":"#","image_avatar_3":"shopify:\/\/shop_images\/member-3_f0873166-9097-481c-b892-fe02ea308b58.jpg","name_3":"Janet Joy<span>Product Manager<\/span>","social_twitter_link_3":"#","social_facebook_link_3":"#","social_instagram_link_3":"#","image_avatar_4":"shopify:\/\/shop_images\/member-4.jpg","name_4":"Mark Pocket<span>Product Manager<\/span>","social_twitter_link_4":"#","social_facebook_link_4":"#","social_instagram_link_4":"#","image_avatar_5":"shopify:\/\/shop_images\/member-5.jpg","name_5":"Damion Blue<span>Product Manager<\/span>","social_twitter_link_5":"#","social_facebook_link_5":"#","social_instagram_link_5":"#","image_avatar_6":"shopify:\/\/shop_images\/member-6.jpg","name_6":"Lenard Smith<span>Product Manager<\/span>","social_twitter_link_6":"#","social_facebook_link_6":"#","social_instagram_link_6":"#","image_avatar_7":"shopify:\/\/shop_images\/member-7.jpg","name_7":"Rachel Green<span>Product Manager<\/span>","social_twitter_link_7":"#","social_facebook_link_7":"#","social_instagram_link_7":"#","image_avatar_8":"shopify:\/\/shop_images\/member-8.jpg","name_8":"David Doe<span>Product Manager<\/span>","social_twitter_link_8":"#","social_facebook_link_8":"#","social_instagram_link_8":"#","btn_url":"","name_btn":"<span>LETS START WORK<\/span><i class=\"fkt-long-arrow-right\"><\/i>","style_btn":"btn-outline-primary-2","style_btn_rounded":"","btn_shadow":false}},"1566462146192":{"type":"item_brands_info","settings":{"off_block":false,"off_mobile":false,"off_desktop":false,"width_section":"container","width_content":true,"section_margin_top":"6rem","section_margin_bottom":"5rem","section_padding":"","section_bg":"","section_bg_op":0.5,"title":"The world's premium design brands in one destination.","html_content":"Phasellus hendrerit. Pellentesque aliquet nibh nec urna. In nisi neque, aliquet vel, dapibus id, mattis vel, nis","image_1":"shopify:\/\/shop_images\/logo-6.png","brand_call_to_action_1":"","image_2":"shopify:\/\/shop_images\/logo-5.png","brand_call_to_action_2":"","image_3":"shopify:\/\/shop_images\/logo-4.png","brand_call_to_action_3":"","image_4":"shopify:\/\/shop_images\/logo.png","brand_call_to_action_4":"","image_5":"shopify:\/\/shop_images\/logo-3.png","brand_call_to_action_5":"","image_6":"shopify:\/\/shop_images\/logo-2.png","brand_call_to_action_6":"","image_7":"shopify:\/\/shop_images\/logo-1.png","brand_call_to_action_7":"","image_8":"shopify:\/\/shop_images\/logo98.png","brand_call_to_action_8":"","image_9":"","brand_call_to_action_9":""}}},"block_order":["1566460784606","1566460823506","1566460925430","1566461002748","1566462146192"],"settings":{}},"password-content":{"type":"password-content","settings":{"logo":"shopify:\/\/shop_images\/logo-icon.png","logo_max_width":100,"header":"Coming Soon","bg_image":"shopify:\/\/shop_images\/soon-bg.jpg","countdown":"2021\/10\/26 12:00:00","newsletter_enable":true,"newsletter_desc":"<p>We are currently working on an awesome new site. Stay tuned for more information. Subscribe to our newsletter to stay updated on our progress.<\/p>","newsletter_placeholder":"Enter your Email Address","newsletter_button_text":"SUBSCRIBE","show_share_buttons":true,"social_message":"","copyright":""}},"contact-template":{"type":"contact-template","blocks":{"1566463180368":{"type":"item_banner","settings":{"off_block":false,"off_mobile":false,"off_desktop":false,"width_section":"container","width_content":true,"section_margin_top":"","section_margin_bottom":"","section_padding":"","section_bg":"","section_bg_op":0.5,"image":"shopify:\/\/shop_images\/contact-header-bg.jpg","html_content":"About us<span>Who we are<\/span>"}},"1566463228070":{"type":"item_i_and_q","settings":{"off_block":false,"off_mobile":false,"off_desktop":false,"width_section":"container","width_content":true,"section_margin_top":"5rem","section_margin_bottom":"","section_padding":"","section_bg":"","section_bg_op":0.5,"title_1":"Contact Information","html_desciption_1":"<p class=\"mb-3\">Vestibulum volutpat, lacus a ultrices sagittis, mi neque euismod dui, eu pulvinar nunc sapien ornare nisl. Phasellus pede arcu, dapibus eu, fermentum et, dapibus sed, urna.<\/p>","title_1_1":"The Office","address_1_1":"70 Washington Square South New York, NY 10012, United States","phone_1_1":"+92 423 567","email_1_1":"info@midas.com","title_1_2":"The Office","openning_1_2":"Monday-Saturday<br>11am-7pm ET","openning_1_22":"Sunday<br>11am-6pm ET","title_2":"The Office","html_desciption_2":"<p class=\"mb-2\">Use the form below to get in touch with the sales team<\/p>"}},"1566463252594":{"type":"item_our_stores","settings":{"off_block":false,"off_mobile":false,"off_desktop":false,"width_section":"container","width_content":true,"section_margin_top":"","section_margin_bottom":"","section_padding":"","section_bg":"","section_bg_op":0.5,"title":"Our Stores","store_image_1":"shopify:\/\/shop_images\/img-1_8f3f1a48-b9b7-408f-affe-541c5c723f86.jpg","store_name_1":"Wall Street Plaza","store_address_1":"88 Pine St, New York, NY 10005, USA","store_phone_1":"+1 987-876-6543","store_hours_1":"<h4 class=\"store-subtitle\">Store Hours:<\/h4><div>Monday - Saturday 11am to 7pm<\/div><div>Sunday 11am to 6pm<\/div>","store_map_1":"#","store_btnmap_1":"View Map","store_image_2":"shopify:\/\/shop_images\/img-2.jpg","store_name_2":"One New York Plaza","store_address_2":"88 Pine St, New York, NY 10005, USA","store_phone_2":"+1 987-876-6543","store_hours_2":"<h4 class=\"store-subtitle\">Store Hours:<\/h4><div>Monday - Friday 9am to 8pm<\/div>\n                        <div>Saturday - 9am to 2pm<\/div>\n                        <div>Sunday - Closed<\/div>","store_map_2":"#","store_btnmap_2":"View Map","store_image_3":"","store_name_3":"Wall Street Plaza","store_address_3":"88 Pine St, New York, NY 10005, USA","store_phone_3":"+1 987-876-6543","store_hours_3":"<h4 class=\"store-subtitle\">Store Hours:<\/h4><div>Monday - Saturday 11am to 7pm<\/div><div>Sunday 11am to 6pm<\/div>","store_map_3":"","store_btnmap_3":"View Map","store_image_4":"","store_name_4":"Wall Street Plaza","store_address_4":"88 Pine St, New York, NY 10005, USA","store_phone_4":"+1 987-876-6543","store_hours_4":"<h4 class=\"store-subtitle\">Store Hours:<\/h4><div>Monday - Saturday 11am to 7pm<\/div><div>Sunday 11am to 6pm<\/div>","store_map_4":"","store_btnmap_4":"View Map","store_image_5":"","store_name_5":"Wall Street Plaza","store_address_5":"88 Pine St, New York, NY 10005, USA","store_phone_5":"+1 987-876-6543","store_hours_5":"<h4 class=\"store-subtitle\">Store Hours:<\/h4><div>Monday - Saturday 11am to 7pm<\/div><div>Sunday 11am to 6pm<\/div>","store_map_5":"","store_btnmap_5":"View Map","store_image_6":"","store_name_6":"Wall Street Plaza","store_address_6":"88 Pine St, New York, NY 10005, USA","store_phone_6":"+1 987-876-6543","store_hours_6":"<h4 class=\"store-subtitle\">Store Hours:<\/h4><div>Monday - Saturday 11am to 7pm<\/div><div>Sunday 11am to 6pm<\/div>","store_map_6":"","store_btnmap_6":"View Map"}},"1566463347547":{"type":"item_map","settings":{"off_block":false,"off_mobile":false,"off_desktop":false,"width_section":"w-100","width_content":false,"section_margin_top":"5rem","section_margin_bottom":"","section_padding":"","section_bg":"","section_bg_op":0.5,"iframe":"<iframe src=\"https:\/\/www.google.com\/maps\/embed?pb=!1m14!1m8!1m3!1d24157.401117843983!2d-73.966489!3d40.813132!3m2!1i1024!2i768!4f13.1!3m3!1m2!1s0x0%3A0x577933f947e52750!2zxJDhuqFpIGjhu41jIENvbHVtYmlh!5e0!3m2!1svi!2sus!4v1565752574420!5m2!1svi!2sus\" width=\"100%\" height=\"450\" frameborder=\"0\" style=\"border:0\" allowfullscreen><\/iframe>"}}},"block_order":["1566463180368","1566463228070","1566463252594","1566463347547"],"settings":{}},"contact-template-2":{"type":"contact-template-2","blocks":{"1566463539079":{"type":"item_map","settings":{"off_block":false,"off_mobile":false,"off_desktop":false,"width_section":"w-100","width_content":false,"section_margin_top":"","section_margin_bottom":"","section_padding":"","section_bg":"","section_bg_op":0.5,"iframe":"<iframe src=\"https:\/\/www.google.com\/maps\/embed?pb=!1m14!1m8!1m3!1d24157.401117843983!2d-73.966489!3d40.813132!3m2!1i1024!2i768!4f13.1!3m3!1m2!1s0x0%3A0x577933f947e52750!2zxJDhuqFpIGjhu41jIENvbHVtYmlh!5e0!3m2!1svi!2sus!4v1565752574420!5m2!1svi!2sus\" width=\"100%\" height=\"450\" frameborder=\"0\" style=\"border:0\" allowfullscreen><\/iframe>"}},"1566463543309":{"type":"item_contact_boxs","settings":{"off_block":false,"off_mobile":false,"off_desktop":false,"width_section":"container","width_content":true,"section_margin_top":"5rem","section_margin_bottom":"","section_padding":"","section_bg":"","section_bg_op":0.5,"title_1":"Office","address_1":"1 New York Plaza, New York, <br>NY 10004, USA","title_2":"Start a Conversation","email_2":"info@midas.com","phone_2_1":"+1 987-876-6543","phone_2_2":"+1 987-976-1234","title_3":"Social"}},"1566463547064":{"type":"item_contact_form","settings":{"off_block":false,"off_mobile":false,"off_desktop":false,"width_section":"container","width_content":true,"section_margin_top":"","section_margin_bottom":"3rem","section_padding":"","section_bg":"","section_bg_op":0.5,"title_2":"Get In Touch","html_desciption_2":"<p class=\"lead text-primary\">We collaborate with ambitious brands and people; <br>we’d love to build something great together.<\/p><p class=\"mb-3\">Vestibulum volutpat, lacus a ultrices sagittis, mi neque euismod dui, eu pulvinar nunc sapien ornare nisl. Phasellus pede arcu, dapibus eu, fermentum et, dapibus sed, urna.<\/p>"}}},"block_order":["1566463539079","1566463543309","1566463547064"],"settings":{}},"faq-template":{"type":"faq-template","blocks":{"1566463858485":{"type":"item_1","settings":{"title":"Shipping Information"}},"1566463865899":{"type":"item","settings":{"title":"How will my parcel be delivered?","content":"Lorem ipsum dolor sit amet, consectetuer adipiscing elit. Donec odio. Quisque volutpat mattis eros. Nullam malesuada erat ut turpis. Suspendisse urna nibh, viverra non, semper suscipit, posuere a, pede. Donec nec justo eget felis facilisis fermentum. Aliquam porttitor mauris sit amet orci. Aenean dignissim pellentesque felis. Phasellus ultrices nulla quis nibh. Quisque a lectus. Donec consectetuer ligula vulputate sem tristique cursus. Nam nulla quam, gravida non, commodo a, sodales sit amet, nisi.","content_page":""}},"1566463911799":{"type":"item","settings":{"title":"Do I pay for delivery?","content":"Ipsum dolor sit amet, consectetuer adipiscing elit. Donec odio. Quisque volutpat mattis eros. Nullam malesuada erat ut turpis. Suspendisse urna nibh, viverra non, semper suscipit, posuere a, pede. Donec nec justo eget felis facilisis fermentum.Lorem ipsum dolor sit amet, consectetuer adipiscing elit. Donec odio. Quisque volutpat mattis eros.","content_page":""}},"1566463935351":{"type":"item","settings":{"title":"Will I be charged customs fees?","content":"Nullam malesuada erat ut turpis. Suspendisse urna nibh, viverra non, semper suscipit, posuere a, pede. Donec nec justo eget felis facilisis fermentum.Lorem ipsum dolor sit amet, consectetuer adipiscing elit. Donec odio. Quisque volutpat mattis eros. Lorem ipsum dolor sit amet, consectetuer adipiscing elit. Donec odio. Quisque volutpat mattis eros.","content_page":""}},"1566463970467":{"type":"item","settings":{"title":"My item has become faulty","content":"Nullam malesuada erat ut turpis. Suspendisse urna nibh, viverra non, semper suscipit, posuere a, pede. Donec nec justo eget felis facilisis fermentum.Lorem ipsum dolor sit amet, consectetuer adipiscing elit. Donec odio. Quisque volutpat mattis eros. Lorem ipsum dolor sit amet, consectetuer adipiscing elit. Donec odio. Quisque volutpat mattis eros.","content_page":""}},"1566463989692":{"type":"item_1","settings":{"title":"Orders and Returns"}},"1566463995127":{"type":"item","settings":{"title":"Tracking my order","content":"Lorem ipsum dolor sit amet, consectetuer adipiscing elit. Donec odio. Quisque volutpat mattis eros. Nullam malesuada erat ut turpis. Suspendisse urna nibh, viverra non, semper suscipit, posuere a, pede. Donec nec justo eget felis facilisis fermentum.","content_page":""}},"1566464019297":{"type":"item","settings":{"title":"I haven’t received my order","content":"Ipsum dolor sit amet, consectetuer adipiscing elit. Donec odio. Quisque volutpat mattis eros. Nullam malesuada erat ut turpis. Suspendisse urna nibh, viverra non, semper suscipit, posuere a, pede. Donec nec justo eget felis facilisis fermentum.Lorem ipsum dolor sit amet, consectetuer adipiscing elit. Donec odio. Quisque volutpat mattis eros.","content_page":""}},"1566464389514":{"type":"item","settings":{"title":"How can I return an item?","content":"Nullam malesuada erat ut turpis. Suspendisse urna nibh, viverra non, semper suscipit, posuere a, pede. Donec nec justo eget felis facilisis fermentum.Lorem ipsum dolor sit amet, consectetuer adipiscing elit. Donec odio. Quisque volutpat mattis eros. Lorem ipsum dolor sit amet, consectetuer adipiscing elit. Donec odio. Quisque volutpat mattis eros.","content_page":""}},"1566464414382":{"type":"item_1","settings":{"title":"Payments"}},"1566464418751":{"type":"item","settings":{"title":"What payment types can I use?","content":"Lorem ipsum dolor sit amet, consectetuer adipiscing elit. Donec odio. Quisque volutpat mattis eros. Nullam malesuada erat ut turpis. Suspendisse urna nibh, viverra non, semper suscipit, posuere a, pede. Donec nec justo eget felis facilisis fermentum.","content_page":""}},"1566464440424":{"type":"item","settings":{"title":"Can I pay by Gift Card?","content":"Ipsum dolor sit amet, consectetuer adipiscing elit. Donec odio. Quisque volutpat mattis eros. Nullam malesuada erat ut turpis. Suspendisse urna nibh, viverra non, semper suscipit, posuere a, pede. Donec nec justo eget felis facilisis fermentum.Lorem ipsum dolor sit amet, consectetuer adipiscing elit. Donec odio. Quisque volutpat mattis eros.","content_page":""}},"1566464460762":{"type":"item","settings":{"title":"I can't make a payment","content":"Nullam malesuada erat ut turpis. Suspendisse urna nibh, viverra non, semper suscipit, posuere a, pede. Donec nec justo eget felis facilisis fermentum.Lorem ipsum dolor sit amet, consectetuer adipiscing elit. Donec odio. Quisque volutpat mattis eros. Lorem ipsum dolor sit amet, consectetuer adipiscing elit. Donec odio. Quisque volutpat mattis eros.","content_page":""}},"1566464497261":{"type":"item","settings":{"title":"Has my payment gone through?","content":"Nullam malesuada erat ut turpis. Suspendisse urna nibh, viverra non, semper suscipit, posuere a, pede. Donec nec justo eget felis facilisis fermentum.Lorem ipsum dolor sit amet, consectetuer adipiscing elit. Donec odio. Quisque volutpat mattis eros. Lorem ipsum dolor sit amet, consectetuer adipiscing elit. Donec odio. Quisque volutpat mattis eros.","content_page":""}}},"block_order":["1566463858485","1566463865899","1566463911799","1566463935351","1566463970467","1566463989692","1566463995127","1566464019297","1566464389514","1566464414382","1566464418751","1566464440424","1566464460762","1566464497261"],"settings":{"width_section":"container","width_content":true,"section_margin_top":"5rem","section_margin_bottom":"","section_padding":"","section_bg":"","section_bg_op":0.5}},"md_call_to_action_faq_page":{"type":"md_call_to_action_faq_page","settings":{"title":"Call to Action","off_mobile":false,"off_desktop":false,"width_section":"w-100","width_content":true,"section_margin_top":"","section_margin_bottom":"","section_padding":"4rem 0","section_bg":"","section_bg_op":0.5,"image":"shopify:\/\/shop_images\/bg-7.jpg","title_section":"If You Have More Questions","stitle_section":"Quisque volutpat mattis eros","link_to":"","name_link":"CONTACT US <i class=\"fkt-long-arrow-right\"><\/i>"}},"account-template":{"type":"account-template","settings":{"width_section":"w-100","width_content":true,"section_margin_top":"","section_margin_bottom":"","section_padding":"3rem 0 6rem","section_bg":"","section_bg_op":0.5,"image":""}},"blog-template":{"type":"blog-template","blocks":{"1566524730954":{"type":"blog","settings":{"blog":"classic"}},"1566524742486":{"type":"blog","settings":{"blog":"news"}},"1566524752267":{"type":"sb_banner","settings":{"img":"shopify:\/\/shop_images\/banner.jpg","url":""}},"1566524777899":{"type":"sb_about","settings":{"html":"Vestibulum volutpat, lacus a ultrices sagittis, mi neque euismod dui, pulvinar nunc sapien ornare nisl."}}},"block_order":["1566524730954","1566524742486","1566524752267","1566524777899"],"settings":{"width_section":"container","width_content":false,"blog_show_author":true,"blog_show_date":true,"items_per_row":"1","search":true,"catt":true,"recent_posts":true,"tags":true,"blog_tags_":"Beauty,\n Cotton,\n Fashion,\n Style, \nWomen","show_share_buttons":true}},"blog-template-2":{"type":"blog-template-2","settings":{"width_section":"container","width_content":false,"use_masonry":false,"blog_show_author":true,"blog_show_date":true,"items_per_row":"2","catt":true,"show_share_buttons":true}},"blog-template-3":{"type":"blog-template-3","settings":{"width_section":"container","width_content":false,"use_masonry":false,"blog_show_author":true,"blog_show_date":true,"catt":true,"show_share_buttons":true}},"blog-template-4":{"type":"blog-template-4","settings":{"width_section":"container","width_content":false,"use_masonry":false,"blog_show_author":true,"blog_show_date":true,"items_per_row":"2","catt":true,"show_share_buttons":true}},"blog-template-5":{"type":"blog-template-5","settings":{"width_section":"container","width_content":false,"use_masonry":true,"blog_show_author":true,"blog_show_date":true,"items_per_row":"1","search":true,"catt":true,"recent_posts":true,"tags":true,"blog_tags_":"Beauty,\n Cotton,\n Fashion,\n Style, \nWomen","show_share_buttons":true}},"blog-template-6":{"type":"blog-template-6","settings":{"width_section":"container","width_content":false,"blog_show_author":true,"blog_show_date":true,"items_per_row":"1","search":true,"catt":true,"recent_posts":true,"tags":true,"blog_tags_":"Beauty,\n Cotton,\n Fashion,\n Style, \nWomen","show_share_buttons":true}},"article-template-fullwidth":{"type":"article-template-fullwidth","settings":{"width_section":"w-100","width_content":true,"blog_show_author":true,"blog_show_date":true,"show_share_buttons":true,"recent_posts":true,"autoplay":false,"use_navigation":false,"nav_style":"-default","nav_mode":"default","nav_position":"nav-default","use_dots":false,"dots_mode":"default","dots_position":"inside","responsive":"{\n  \"0\": {\n    \"slidesPerView\": 1,\n    \"spaceBetween\": 20\n  },\n  \"320\": {\n    \"slidesPerView\": 1,\n    \"spaceBetween\": 20\n  },\n  \"768\": {\n    \"slidesPerView\": 2,\n    \"spaceBetween\": 20\n  },\n  \"992\": {\n    \"slidesPerView\": 3,\n    \"spaceBetween\": 20\n  },\n  \"1200\": {\n    \"slidesPerView\": 4,\n    \"spaceBetween\": 20\n  }\n}"}},"1570064085130":{"type":"kt_HTML","settings":{"title":"Section Customize","off_mobile":false,"off_desktop":false,"width_section":"container","width_content":false,"section_margin_top":"","section_margin_bottom":"6rem","section_padding":"","section_bg":"","section_bg_op":0.5,"border_top":true,"border_bottom":false,"border_color":"#ebebeb","text":"","page":""}},"newsletter-popup":{"type":"newsletter-popup","settings":{"use_banner":false,"popup_newsletter_title":"GET <span class=\"text-primary\">25<light>%<\/light><\/span> OFF","popup_newsletter_description":"<p>Subscribe to the Molla eCommerce newsletter to<br\/> receive timely updates from your favorite products.<\/p>","time_popup_delay":"10","scroll_popup_delay":"800"}},"1610590433794":{"type":"md_brand","blocks":{"1610590433794-10":{"type":"title","settings":{"title":"Shop by Brands","stitle":"The World's Premium Brands In One Destination.","title_align":"text-center","margin_btitle":4,"use_border":false}},"1610590433794-0":{"type":"item","settings":{"image":"shopify:\/\/shop_images\/logo-2.png"}},"1610590433794-1":{"type":"item","settings":{"image":"shopify:\/\/shop_images\/logo-4.png"}},"1610590433794-2":{"type":"item","settings":{"image":"shopify:\/\/shop_images\/logo-3.png"}},"1610590433794-3":{"type":"item","settings":{"image":"shopify:\/\/shop_images\/logo-8.png"}},"1610590433794-4":{"type":"item","settings":{"image":"shopify:\/\/shop_images\/logo98.png"}},"1610590433794-5":{"type":"item","settings":{"image":"shopify:\/\/shop_images\/logo-1.png"}},"1610590433794-6":{"type":"item","settings":{"image":"shopify:\/\/shop_images\/logo-6.png"}},"1610590433794-7":{"type":"item","settings":{"image":"shopify:\/\/shop_images\/logo-8.png"}},"1610590433794-8":{"type":"item","settings":{"image":"shopify:\/\/shop_images\/logo-5.png"}},"1610590433794-9":{"type":"item","settings":{"image":"shopify:\/\/shop_images\/logo-7.png"}}},"block_order":["1610590433794-10","1610590433794-0","1610590433794-1","1610590433794-2","1610590433794-3","1610590433794-4","1610590433794-5","1610590433794-6","1610590433794-7","1610590433794-8","1610590433794-9"],"settings":{"title":"Brand","off_section":false,"off_mobile":false,"off_desktop":false,"width_section":"w-100","width_content":true,"section_margin_top":"","section_margin_bottom":"6rem","section_padding":"0 0 6rem","section_bg":"#f7f8fa","section_bg_op":1,"brand_style":"default","autoplay":false,"use_navigation":true,"nav_style":"-default","nav_mode":"default","nav_position":"nav-center-outside","use_dots":false,"dots_mode":"default","dots_position":"outside","responsive":"{\n\t\"0\": {\n\t\t\"slidesPerView\": 2,\n\t\t\"spaceBetween\": 20\n\t},\n\t\"480\": {\n\t\t\"slidesPerView\": 3,\n\t\t\"spaceBetween\": 20\n\t},\n\t\"768\": {\n\t\t\"slidesPerView\": 4,\n\t\t\"spaceBetween\": 20\n\t},\n\t\"992\": {\n\t\t\"slidesPerView\": 5,\n\t\t\"spaceBetween\": 20\n\t},\n\t\"1200\": {\n\t\t\"slidesPerView\": 6,\n\t\t\"spaceBetween\": 20\n\t}\n}"}},"collection-template":{"type":"collection-template","settings":{}},"cart-template":{"type":"cart-template","settings":{"width_section":"container","width_content":false}},"1612489579883":{"type":"md_icon_boxes","blocks":{"1612489579883-0":{"type":"item_icon_side","settings":{"icon_font":"fkt-truck","title":"Payment & Delivery","content":"Free shipping for orders over $50"}},"1612489579883-1":{"type":"item_icon_side","settings":{"icon_font":"fkt-rotate-left","title":"Return & Refund","content":"Free 100% money back guarantee"}},"1612489579883-2":{"type":"item_icon_side","settings":{"icon_font":"","icon":"shopify:\/\/shop_images\/icon-toolbox_6bc3fa16-05c4-47f9-8dae-c7abd99624d6.jpg","title":"Quality Support","content":"Alway online feedback 24\/7"}},"1612489579883-3":{"type":"item_icon_side","settings":{"icon_font":"fkt-envelope","title":"Join Our Newsletter","content":"10% off by subscribing to our newsletter"}}},"block_order":["1612489579883-0","1612489579883-1","1612489579883-2","1612489579883-3"],"settings":{"title":"Icon Boxes","off_mobile":false,"off_desktop":false,"width_section":"w-100","width_content":true,"section_margin_top":"","section_margin_bottom":"","section_padding":"3rem 0","section_bg":"#ffffff","section_bg_op":1,"color_icon":"#333333","color_title":"#333333","color_desc":"#999999","title_font_weight":"600","use_slide":false,"responsive":"{\n  \"0\": {\n    \"slidesPerView\": 1,\n    \"spaceBetween\": 20\n  },\n  \"320\": {\n    \"slidesPerView\": 1,\n    \"spaceBetween\": 20\n  },\n  \"476\": {\n    \"slidesPerView\": 2,\n    \"spaceBetween\": 20\n  },\n  \"768\": {\n    \"slidesPerView\": 2,\n    \"spaceBetween\": 20\n  },\n  \"992\": {\n    \"slidesPerView\": 3,\n    \"spaceBetween\": 20\n  },\n  \"1200\": {\n    \"slidesPerView\": 4,\n    \"spaceBetween\": 20\n  }\n}"}},"1612489778594":{"type":"md_call_to_action","blocks":{"1612489778594-0":{"type":"design_7","settings":{"title":"<span style=\"font-size: 2rem\">Join Our Newsletter<\/span>","description":"<span style=\"font-size: 1.6rem\">Subcribe to get information about products and coupons<\/span>","style_btn":"btn-primary","style_btn_rounded":"btn-rounded","btn_shadow":false,"btn_name_cta":"SUBSCRIBE"}}},"block_order":["1612489778594-0"],"settings":{"title":"Call to Action","off_mobile":false,"off_desktop":false,"width_section":"w-100","width_content":true,"section_margin_top":"","section_margin_bottom":"","section_padding":"","section_bg":"#2f4787","section_bg_op":1,"use_round":false,"color_title":"#ffcc02","color_desc":"#ffffff","color_text_input":"#333333","color_border_input":"#ffffff","color_placeholder":"#999999","color_bg_input":"#ffffff","preview":false}},"footer_02":{"type":"footer_02","settings":{"use_footer":true,"off_mobile":false,"off_desktop":false,"width_section":"w-100","width_content":true,"section_margin_top":"","section_margin_bottom":"","section_padding":"","section_bg_op":1,"dark_mode":false,"logo_footer_svg":"","logo_footer":"shopify:\/\/shop_images\/logo_footer.png","logo_footer_max_width":110,"footer_description":"Praesent dapibus, neque id cursus ucibus, tortor neque egestas augue, eu vulputate magna eros eu erat. Aliquam erat volutpat. Nam dui mi, tincidunt quis, accumsan porttitor, facilisis luctus, metus.","footer_description_title_phone":"Got Question? Call us 24\/7","footer_description_payment_method":"Payment Method","title_1":"Information","footer_link_1":"useful-links","title_2":"Customer Service","footer_link_2":"customer-service","title_3":"My Account","footer_link_3":"my-account","copyright":"Copyright © 2020 Molla Store. All Rights Reserved.","footer_link_copyright":"footer"}},"kt_cart_drawer":{"type":"kt_cart_drawer","settings":{}},"footer-extension":{"type":"footer-extension","settings":{}},"1613640417cc1644ab":{"type":"md_product_section_slide","blocks":{"1613640417cc1644ab-0":{"type":"item","settings":{"title_section":"Special Offers On Car Parts","stitle_section":"Latest Offers","reverse":false,"title_align":"text-center","name_link":"","style_link":"","margin_btitle":3,"products":"special-offers-on-car-parts","limit":8,"load_btn":false,"style_btn":"btn-outline-darker","style_btn_rounded":"","btn_shadow":false,"autoplay":false,"use_navigation":true,"nav_style":"-default","nav_mode":"default","nav_position":"nav-default","use_dots":true,"dots_mode":"default","dots_position":"outside","responsive":"{\n  \"0\": {\n    \"slidesPerView\": 1,\n    \"spaceBetween\": 0\n  },\n  \"375\": {\n    \"slidesPerView\": 2,\n    \"spaceBetween\": 10\n  },\n  \"768\": {\n    \"slidesPerView\": 3,\n    \"spaceBetween\": 20\n  },\n  \"992\": {\n    \"slidesPerView\": 4,\n    \"spaceBetween\": 20\n  },\n  \"1200\": {\n    \"slidesPerView\": 5,\n    \"spaceBetween\": 20\n  },\n  \"1500\": {\n    \"slidesPerView\": 5,\n    \"spaceBetween\": 20\n  }\n}"}}},"block_order":["1613640417cc1644ab-0"],"settings":{"title":"Slide(grid)","off_mobile":false,"off_desktop":false,"width_section":"w-100","width_content":true,"section_margin_top":"","section_margin_bottom":"6rem","section_padding":"","section_bg":"","section_bg_op":1,"use_lazyload":true,"product_grid_layout":""}},"16136405361276c2ff":{"type":"md_product_section_slide","blocks":{"16136405361276c2ff-0":{"type":"item","settings":{"title_section":"New & Popular Products","stitle_section":"Featured Products You Might Like","reverse":false,"title_align":"text-center","name_link":"","style_link":"","margin_btitle":3,"products":"special-offers-on-car-parts","limit":8,"load_btn":false,"style_btn":"btn-outline-darker","style_btn_rounded":"","btn_shadow":false,"autoplay":false,"use_navigation":true,"nav_style":"-default","nav_mode":"default","nav_position":"nav-default","use_dots":true,"dots_mode":"default","dots_position":"outside","responsive":"{\n  \"0\": {\n    \"slidesPerView\": 1,\n    \"spaceBetween\": 0\n  },\n  \"375\": {\n    \"slidesPerView\": 2,\n    \"spaceBetween\": 10\n  },\n  \"768\": {\n    \"slidesPerView\": 3,\n    \"spaceBetween\": 20\n  },\n  \"992\": {\n    \"slidesPerView\": 4,\n    \"spaceBetween\": 20\n  },\n  \"1200\": {\n    \"slidesPerView\": 4,\n    \"spaceBetween\": 20\n  },\n  \"1500\": {\n    \"slidesPerView\": 5,\n    \"spaceBetween\": 20\n  }\n}"}}},"block_order":["16136405361276c2ff-0"],"settings":{"title":"Slide(grid)","off_mobile":false,"off_desktop":false,"width_section":"w-100","width_content":true,"section_margin_top":"","section_margin_bottom":"6rem","section_padding":"","section_bg":"","section_bg_op":1,"use_lazyload":true,"product_grid_layout":""}},"16137237365851533a":{"type":"kt_HTML","settings":{"title":"Section Customize","off_mobile":false,"off_desktop":false,"width_section":"container","width_content":false,"section_margin_top":"","section_margin_bottom":"6rem","section_padding":"","section_bg":"","section_bg_op":1,"border_top":true,"border_bottom":false,"border_color":"#ebebeb","text":"","page":""}},"1614129827045":{"type":"kt_slideshow","blocks":{"1614129827045-1":{"type":"image","settings":{"image":"shopify:\/\/shop_images\/slide-1_7c8e635b-0ec0-4bf3-a8d3-9d62b3e9d6af.jpg","lazypreload":true,"heading":"super sale","font_heading":"poppins_n6","subheading":"Brake Discs","font_subheading":"poppins_n8","description":"<sup>UP TO<\/sup>50% Off","font_description":"poppins_n8","text_alignment_top":50,"text_alignment_left":8,"text_alignment":"","text_alignment_top_mb":50,"text_alignment_left_mb":8,"text_alignment_mb":"","style_btn_1":"btn-primary","style_btn_rounded_1":"btn-rounded","btn_shadow_1":false,"link_1":"#","textBtn_1":"<span>SHOP NOW<\/span><i class=\"fkt-long-arrow-right\"><\/i>","style_btn_2":"btn-outline-primary-2","style_btn_rounded_2":"","btn_shadow_2":false,"textBtn_2":"","turnoff":false,"title":"Item image","width_section":true,"css_block":".block_id .slideshow__subtitle{\n  color: #2f4787;\n}\n.block_id .slideshow__description{\n  color: #d33e3e;\n}"}},"1614129827045-0":{"type":"image","settings":{"image":"shopify:\/\/shop_images\/slide-2_ac391dbc-ea66-440a-bcee-315cb419412e.jpg","lazypreload":true,"heading":"Special Offer","font_heading":"poppins_n6","subheading":"Save 20%","font_subheading":"poppins_n8","description":"First Service","font_description":"poppins_n8","text_alignment_top":50,"text_alignment_left":8,"text_alignment":"","text_alignment_top_mb":50,"text_alignment_left_mb":8,"text_alignment_mb":"","style_btn_1":"btn-primary","style_btn_rounded_1":"btn-rounded","btn_shadow_1":false,"link_1":"#","textBtn_1":"<span>SHOP NOW<\/span><i class=\"fkt-long-arrow-right\"><\/i>","style_btn_2":"btn-outline-primary-2","style_btn_rounded_2":"","btn_shadow_2":false,"textBtn_2":"","turnoff":false,"title":"Item image","width_section":true,"css_block":""}},"1614129827045-2":{"type":"banner","settings":{"banner-effect":"","image":"shopify:\/\/shop_images\/banner-4_24bf3f22-68cb-4c6e-b4f3-96b5b13380fb.jpg","title":"","color_title":"#999999","stitle":"<span style=\"margin: 0 0 4px 0;font-size: 3.4rem;font-weight: 700;letter-spacing: -1.7px;\">Save 25%<\/span>\n<br>\n<span style=\"margin: 0 0 21px 0; font-size: 1.8rem;font-weight: 600;text-transform: uppercase; letter-spacing: -.45px;\">ALL SEASON TYRES<\/span>","color_stitle":"#ffffff","btn_name":"SHOP NOW <i class=\"fkt-angle-right\"><\/i>","style_btn":"btn-link"}},"1614129827045-3":{"type":"banner","settings":{"banner-effect":"","image":"shopify:\/\/shop_images\/banner-5_18530908-52d1-4a7f-8a93-012edf0d62bc.jpg","title":"","color_title":"#999999","stitle":"<span style=\"margin: 0 0 21px 0; font-size: 1.8rem;font-weight: 600;text-transform: uppercase; letter-spacing: -.45px;\">HEADLIGHTS<br>AND TAIL LIGHTS<\/span>\n<br>\n<span style=\"margin: 0 0 4px 0;font-size: 3.4rem;font-weight: 700;letter-spacing: -1.7px;\">32% Off<\/span>","color_stitle":"#ffffff","btn_name":"SHOP NOW<i class=\"fkt-angle-right\"><\/i>","style_btn":"btn-link"}}},"block_order":["1614129827045-1","1614129827045-0","1614129827045-2","1614129827045-3"],"settings":{"title":"Slideshow","off_mobile":false,"off_desktop":false,"width_section":"w-100","width_content":true,"section_margin_top":"2rem","section_margin_bottom":"","section_padding":"","section_bg":"#ffffff","section_bg_op":1,"no_overflow":false,"fullscreen":false,"autoplay":false,"use_navigation":true,"nav_style":"-default","nav_mode":"default","nav_position":"nav-default","use_dots":false,"dots_mode":"white","use_scrollbar":false,"h_reponsive":"441","h_reponsive_768":"","h_reponsive_992":"","h_reponsive_1200":"","h_reponsive_1400":"","autoplay_speed":7,"responsive":"{\n  \"0\": {\n    \"slidesPerView\": 1,\n    \"spaceBetween\": 10\n  },\n  \"320\": {\n    \"slidesPerView\": 1,\n    \"spaceBetween\": 10\n  },\n  \"768\": {\n    \"slidesPerView\": 1,\n    \"spaceBetween\": 10\n  },\n  \"992\": {\n    \"slidesPerView\": 1,\n    \"spaceBetween\": 10\n  },\n  \"1200\": {\n    \"slidesPerView\": 1,\n    \"spaceBetween\": 10\n  }\n}","content_type":"type-1","css_section":".section_id .slideshow__title{\n  font-family: Inter !important;\n  color: #D33E3E;\n  font-size: 1.8rem;\n  text-transform: uppercase;\n  letter-spacing: -.45px;\n  margin-bottom: 0rem;\n}\n.section_id .slideshow__subtitle{\n  font-family: Inter !important;\n  color: #D33E3E;\n  font-size: 6rem;\n  line-height: 1.1;\n  letter-spacing: -3px;\n}\n.section_id .slideshow__description{\n  font-family: Inter !important;\n  color: var(--secondary);\n  font-size: 4.6rem;\n  text-transform: uppercase;\n  line-height: 1em;\n  letter-spacing: -2.3px;\n}\n.section_id sup {\n    font-size: 1.8rem;\n    font-weight: 500;\n    letter-spacing: -.025em;\n    color: #2f4787;\n    vertical-align: top;\n    top: .8em;\n}\n.section_id .btn {\n  margin-top: 2.5rem;\n  font-size: 1.1rem;\n  min-width: 9rem;\n  padding: .65rem 1rem;\n}\n@media (min-width: 576px){\n  .section_id .slideshow__title{\n  }\n  .section_id .slideshow__subtitle{\n  }\n  .section_id .btn {\n    font-size: 1.2rem;\n    min-width: 11rem;\n    padding-top: .75rem;\n    padding-bottom: .75rem;\n  }\n}\n@media (min-width: 768px){\n  .section_id .slideshow__title{\n  }\n  .section_id .slideshow__subtitle{\n  }\n  .section_id .slideshow__description{\n  }\n  .section_id .btn {\n    font-size: 1.3rem;\n    min-width: 13rem;\n    padding: .95rem 1.5rem;\n  }\n}\n@media (min-width: 992px){\n}\n@media (min-width: 1200px){\n  .section_id .slideshow__title{\n  }\n  .section_id .slideshow__subtitle{\n  }\n  .section_id .btn {\n    font-size: 1.4rem;\n    min-width: 15rem;\n    padding-top: 1.15rem;\n    padding-bottom: 1.15rem;\n  }\n}"}},"1614133489a5518951":{"type":"md_blog","blocks":{"47f6699c-5d6b-429b-958f-e933d46ecec3":{"type":"title","settings":{"title_section":"Latest Blog Posts","stitle_section":"Read Today’s News.","reverse":false,"title_align":"text-center","name_link":"","style_link":"","margin_btitle":3}},"8a971977-8c3c-4ec9-8bac-cd7c8c32a25f":{"type":"6","settings":{"blog":"home-34","limit":8,"content_align":"","margin_btitle":3,"use_date":true,"use_content":false,"use_readmore":true,"use_bg":false,"use_shadow":false,"limit_per_row":3,"use_slide":true,"autoplay":false,"use_navigation":true,"nav_style":"-default","nav_mode":"default","nav_position":"nav-default","use_dots":false,"dots_mode":"default","dots_position":"inside","responsive":"{\n  \"0\": {\n    \"slidesPerView\": 1,\n    \"spaceBetween\": 20\n  },\n  \"320\": {\n    \"slidesPerView\": 1,\n    \"spaceBetween\": 20\n  },\n  \"768\": {\n    \"slidesPerView\": 2,\n    \"spaceBetween\": 20\n  },\n  \"992\": {\n    \"slidesPerView\": 3,\n    \"spaceBetween\": 20\n  },\n  \"1200\": {\n    \"slidesPerView\": 3,\n    \"spaceBetween\": 20\n  }\n}","load_btn":false,"style_btn":"btn-outline-darker","style_btn_rounded":"","btn_shadow":false}}},"block_order":["47f6699c-5d6b-429b-958f-e933d46ecec3","8a971977-8c3c-4ec9-8bac-cd7c8c32a25f"],"settings":{"title":"Related post","off_mobile":false,"off_desktop":false,"width_section":"container","width_content":true,"section_margin_top":"","section_margin_bottom":"5rem","section_padding":"","section_bg":"","section_bg_op":1,"fweight_title":"600","fsize_stitle":1.8,"color_title":"#333333","margin_btitle":0.8,"fweight_description":"300","fsize_description":1.4,"color_desc":"#999999","margin_bdescription":0.8,"use_lazyload":true}},"16141361949660618b":{"type":"md_list_item_cattegories_4","blocks":{"16141361949660618b-0":{"type":"title","settings":{"title_section":"Explore Popular Categories","stitle_section":"Our Entire Product Range","reverse":false,"title_align":"text-center","margin_btitle":3}},"16141361949660618b-1":{"type":"item","settings":{"image":"shopify:\/\/shop_images\/cat-1.jpg","linklist":"brake-system","name_btn":"<i class=\"fkt-angle-right\"><\/i> More Parts"}},"16141361949660618b-2":{"type":"item","settings":{"image":"shopify:\/\/shop_images\/cat-5.jpg","linklist":"damping","name_btn":"<i class=\"fkt-angle-right\"><\/i> More Parts"}},"16141361949660618b-3":{"type":"item","settings":{"image":"shopify:\/\/shop_images\/cat-4.jpg","linklist":"body","name_btn":"<i class=\"fkt-angle-right\"><\/i> More Parts"}},"16141361949660618b-4":{"type":"item","settings":{"image":"shopify:\/\/shop_images\/cat-3.jpg","linklist":"engine","name_btn":"<i class=\"fkt-angle-right\"><\/i> More Parts"}},"16141361949660618b-5":{"type":"item","settings":{"image":"shopify:\/\/shop_images\/cat-2.jpg","linklist":"filters","name_btn":"<i class=\"fkt-angle-right\"><\/i> More Parts"}},"16141361949660618b-6":{"type":"item","settings":{"image":"shopify:\/\/shop_images\/cat-6.jpg","linklist":"oils-and-fluids","name_btn":"<i class=\"fkt-angle-right\"><\/i> More Parts"}}},"block_order":["16141361949660618b-0","16141361949660618b-1","16141361949660618b-2","16141361949660618b-3","16141361949660618b-4","16141361949660618b-5","16141361949660618b-6"],"settings":{"off_mobile":false,"off_desktop":false,"title":"List categories","width_section":"w-100","width_content":true,"section_margin_top":"","section_margin_bottom":"","section_padding":"6rem 0","section_bg":"#f7f8fa","section_bg_op":1,"use_dots":false,"dots_mode":"default","dots_position":"inside","responsive":"{\n  \"0\": {\n    \"slidesPerView\": 1.5,\n    \"spaceBetween\": 10\n  },\n  \"375\": {\n    \"slidesPerView\": 2,\n    \"spaceBetween\": 10\n  },\n  \"768\": {\n    \"slidesPerView\": 3,\n    \"spaceBetween\": 20\n  },\n  \"992\": {\n    \"slidesPerView\": 4,\n    \"spaceBetween\": 20\n  },\n  \"1200\": {\n    \"slidesPerView\": 5,\n    \"spaceBetween\": 20\n  },\n  \"1500\": {\n    \"slidesPerView\": 6,\n    \"spaceBetween\": 20\n  }\n}"}},"1614150509091":{"type":"md_banner_template_2","blocks":{"1614150509091-0":{"type":"3","settings":{"turnoff":false,"title":"Banner type 2","banner-effect":"banner-effect2","image_1":"shopify:\/\/shop_images\/banner-6_65b01541-0e4e-482a-bbb4-7a57eb985f81.jpg","stitle_1":"","color_stitle_1":"#ffffff","titlex_1":"<span style=\"margin: 0 0 4px 0;font-size: 3.4rem;font-weight: 700;letter-spacing: -1.7px;\">\nSave 32%\n<\/span>\n<br>\n<span style=\"margin: 0 0 21px 0; font-size: 1.8rem;font-weight: 600;text-transform: uppercase; letter-spacing: -.45px;\">\nOn Almost<br>everything\n<\/span>","color_titlex_1":"#ffffff","name_btn_1":"SHOP NOW <i class=\"fkt-angle-right\"><\/i>","style_btn_1":"btn-outline-primary-2","style_btn_rounded_1":"","btn_shadow_1":false,"image_2":"shopify:\/\/shop_images\/banner-7_0ee32ea0-959f-4f8b-9797-8131b33a6c7f.jpg","stitle_2":"","color_stitle_2":"#ffffff","titlex_2":"<span style=\"margin: 0 0 21px 0; font-size: 1.8rem;font-weight: 600;text-transform: uppercase; letter-spacing: -.45px;\">\nengine services<br>UP TO\n<\/span>\n<br>\n<span style=\"margin: 0 0 4px 0;font-size: 3.4rem;font-weight: 700;letter-spacing: -1.7px;\">\n20% Off\n<\/span>","color_titlex_2":"#ffffff","name_btn_2":"SHOP NOW <i class=\"fkt-angle-right\"><\/i>","style_btn_2":"btn-outline-primary-2","style_btn_rounded_2":"","btn_shadow_2":false,"image_3":"shopify:\/\/shop_images\/banner-8_a67c6e75-58fb-4c2a-a2b0-a4df68a54b62.jpg","stitle_3":"","color_stitle_3":"#ffffff","titlex_3":"<span style=\"margin: 0 0 4px 0;font-size: 3.4rem;font-weight: 700;letter-spacing: -1.7px;\">\nSave 25%\n<\/span>\n<br>\n<span style=\"margin: 0 0 21px 0; font-size: 1.8rem;font-weight: 600;text-transform: uppercase; letter-spacing: -.45px;\">\nAny Oil Change<br>Services\n<\/span>","color_titlex_3":"#ffffff","name_btn_3":"SHOP NOW <i class=\"fkt-angle-right\"><\/i>","style_btn_3":"btn-outline-primary-2","style_btn_rounded_3":"","btn_shadow_3":false}}},"block_order":["1614150509091-0"],"settings":{"title":"Banner template 2","off_mobile":false,"off_desktop":false,"width_section":"w-100","width_content":true,"section_margin_top":"","section_margin_bottom":"6rem","section_padding":"","section_bg":"#ffffff","section_bg_op":1,"preview":false}},"1614151949218":{"type":"md_banner_with_text_1","blocks":{"1614151949218-0":{"type":"1","settings":{"banner_align":"6 col-xl-5 offset-xl-1 order-lg-last","text_align":"","title_section":"<span style=\"font-size: 3.4rem;font-weight: 700;letter-spacing: -1.7px;line-height: 1.1\">\nWhy Choose Molla Parts\n<\/span>\n<div class=\"mb-4\"><\/div>","stitle_section":"","reverse":false,"content_text":"<div class=\"row box-wrapper mb-3\">\n<figure class=\"col-12 col-md-2 box-img text-center\">\n<img style=\"\" width=\"38\" height=\"41\" src=\"https:\/\/d-themes.com\/wordpress\/molla\/demo-34\/wp-content\/uploads\/sites\/43\/2020\/12\/icon-medal.png\" class=\"\" alt=\"\">\n<\/figure>\n<div class=\"col-12 col-md box-content\">\n<h3 class=\"box-title\">High-Quality Branded Auto Parts<\/h3>\n<p class=\"box-description\">Sed egestas, ante et vulputate volutpat, eros pede semper est, vitae luctus metus libero eu augue.<\/p>\n<\/div>\n<\/div>\n<div class=\"row box-wrapper mb-3\">\n<figure class=\"col-12 col-md-2 box-img text-center\">\n<img style=\"\" width=\"50\" height=\"35\" src=\"https:\/\/d-themes.com\/wordpress\/molla\/demo-34\/wp-content\/uploads\/sites\/43\/2020\/12\/icon-truck.png\" class=\"\" alt=\"\">\n<\/figure>\n<div class=\"col-12 col-md box-content\">\n<h3 class=\"box-title\">Fast Shipping<\/h3>\n<p class=\"box-description\">Pede semper est, vitae luctus metus libero eu augue. Morbi purus libero, faucibus adipiscing, commodo quis, gravida id, est.<\/p>\n<\/div>\n<\/div>\n<div class=\"row box-wrapper mb-3\">\n<figure class=\"col-12 col-md-2 box-img text-center\">\n<img style=\"\" width=\"38\" height=\"38\" src=\"https:\/\/d-themes.com\/wordpress\/molla\/demo-34\/wp-content\/uploads\/sites\/43\/2020\/12\/icon-timer.png\" class=\"\" alt=\"\">\n<\/figure>\n<div class=\"col-12 col-md box-content\">\n<h3 class=\"box-title\">90-Day Returns<\/h3>\n<p class=\"box-description\">Semper est, vitae luctus metus libero eu augue. Morbi purus libero, faucibus adipiscing, commodo quis, gravida id, est. Sed lectus.<\/p>\n<\/div>\n<\/div>\n<style>.box-wrapper h3{font-size: 2rem;font-weight: 600;margin-bottom: 18px;color: var(--secondary);line-height: 1.1;letter-spacing: -.03em;}.box-wrapper p{color: #666;font-size: 1.5rem;line-height: 1.6em;letter-spacing: -.375px;margin: 0;}@media (min-width: 768px){.box-wrapper .box-img{flex: 0 0 70px;}}<\/style>","color_title":"#222222","color_sub_title":"#222222","color_desc":"#666666","name_btn":"","style_btn":"btn-outline-darker","style_btn_rounded":"","btn_shadow":false}}},"block_order":["1614151949218-0"],"settings":{"off_mobile":false,"off_desktop":false,"title":"Banner with text 1","width_section":"w-100","width_content":true,"section_margin_top":"","section_margin_bottom":"6rem","section_padding":"4rem 0 2rem","section_bg":"#f7f8fa","section_bg_op":1,"image":"shopify:\/\/shop_images\/bg.jpg","css":"@media (max-width:768px){\n.section_id.bg-image {\n  background-image: none !important;\n}\n}\n.section_id h3.title{font-size:2.4rem;font-weight:700}\n\n.section_id .sub-title{line-height:1;font-size:4.5rem;font-weight:700}\n\n.section_id .box-dashed{border:1px dashed #222;border-radius:.5rem;padding:.7rem 1.2rem;text-transform:uppercase;font-size:1.4rem;color:#222;text-align:center;min-width:10rem}\n\n.section_id .molla-svg-icon{width:2.8rem!important}\n\n.section_id .molla-svg-icon+span{padding:0 .5rem!important}\n\n.section_id .box-dashed span{display:block;line-height:1.2}\n\n.section_id .box-dashed span:nth-child(2){font-weight:700;font-size:4.2rem}\n\n@media (min-width:576px){\n.section_id .sub-title{font-size:6rem}\n\n.section_id .content-text{font-size:1.6rem}\n\n.section_id .molla-svg-icon{width:3.6rem!important}\n\n.section_id .molla-svg-icon+span{padding:0 1rem!important}\n}"}},"16141553132e102b47":{"type":"md_testimonials","blocks":{"3bc2721f-0b75-4535-bcb8-22d043b74c4e":{"type":"item_title","settings":{"title_section":"What Our Customers Are Saying","stitle_section":"Our Customers Love Us","reverse":false,"title_align":"text-center","name_link":"","style_link":"","margin_btitle":6}},"44cd264b-48d8-4194-abd8-b58a32ce2a22":{"type":"item_8","settings":{"rate":4.5,"content":"“Sed egestas, ante et vulputate volutpat, eros pede\nsemper est, vitae luctus metus libero eu augue. Morbi purus libero, faucibus adipiscing, commodo quisest.”","name":"Kevin Francis, Manager Hugo Studio","image":"shopify:\/\/shop_images\/testimonial-1.png"}},"d6dcf71f-8063-4786-8022-adee3fc0b182":{"type":"item_8","settings":{"rate":5,"content":"“Morbi purus libero, faucibus adipiscing, commodo\nquisest. Sed lectus. Praesent elementum hendrerit tortor. Sed semper lorem at felis.”","name":"Dominic Hester, The Oceanic","image":"shopify:\/\/shop_images\/testimonial-2.png"}}},"block_order":["3bc2721f-0b75-4535-bcb8-22d043b74c4e","44cd264b-48d8-4194-abd8-b58a32ce2a22","d6dcf71f-8063-4786-8022-adee3fc0b182"],"settings":{"title":"Testimonials","off_mobile":false,"off_desktop":false,"width_section":"container","width_content":false,"section_margin_top":"","section_margin_bottom":"2rem","section_padding":"4rem 0 6rem","section_bg":"","section_bg_op":1,"autoplay":false,"use_navigation":true,"nav_style":"-default","nav_mode":"default","nav_position":"nav-default","use_dots":false,"dots_mode":"default","dots_position":"inside","responsive":"{\n  \"0\": {\n    \"slidesPerView\": 1,\n    \"spaceBetween\": 10\n  },\n  \"320\": {\n    \"slidesPerView\": 1,\n    \"spaceBetween\": 10\n  },\n  \"768\": {\n    \"slidesPerView\": 1,\n    \"spaceBetween\": 10\n  },\n  \"992\": {\n    \"slidesPerView\": 2,\n    \"spaceBetween\": 10\n  },\n  \"1200\": {\n    \"slidesPerView\": 2,\n    \"spaceBetween\": 10\n  }\n}","color_text":""}},"kt_mega_mn-vertical":{"type":"kt_mega_mn-vertical","blocks":{"63159770-24a1-4584-bfab-fe7cc5b58b5a":{"type":"promo","settings":{"name_item":"Electronics","icon_font":"fkt-laptop","label":"","menu_links_width":"893px","sub_width":8,"menu_links":"electronics-1","menu_links_per_col":"2","promo_width":4,"promo_image":"shopify:\/\/shop_images\/banner-1_b8dc6a2b-bfa2-402d-a3e9-27803eb31ccd.jpg","promo_link":"#","use_promo_html":false,"page_promo_html":"","textarea_promo_html":""}},"005c05a8-2568-403f-ba4c-54944de8aea3":{"type":"promo","settings":{"name_item":"Furniture","icon_font":"fkt-couch","label":"","menu_links_width":"893px","sub_width":8,"menu_links":"furniture-1","menu_links_per_col":"2","promo_width":4,"promo_image":"shopify:\/\/shop_images\/banner-2_0b0e71d5-bade-41cc-acf9-a5eef728d5bb.jpg","promo_link":"#","use_promo_html":false,"page_promo_html":"","textarea_promo_html":""}},"15880cc9-f229-4774-8928-2aead2e0bb01":{"type":"parent","settings":{"title_i":"Cooking","icon_font":"fkt-concierge-bell","label":"","menu_links_width":"893px","title":"Parent"}},"650f327f-c48e-4992-acc0-40ac277e84f5":{"type":"linklist","settings":{"title_i":"","menu_links":"cooking-1","menu_links_per_col":"3","sub_width":12,"title":"Linklist (child)"}},"7c5e1af3-096d-4510-89ce-a9a47832da37":{"type":"banner","settings":{"banner-effect":"","title_i":"","menu_links":"cooking-banners","per_col":"3","sub_width":12,"title":"Banner (child)"}},"abaf1da0-fde2-456c-9bb1-c757ff0a048c":{"type":"parent","settings":{"title_i":"Clothing","icon_font":"fkt-tshirt","label":"","menu_links_width":"893px","title":"Parent"}},"dc79e960-74fc-44b5-a0e7-6180dc617d99":{"type":"linklist","settings":{"title_i":"","menu_links":"clothing-1","menu_links_per_col":"2","sub_width":8,"title":"Linklist (child)"}},"f297c2b6-3738-4846-9545-31660218ae57":{"type":"banner","settings":{"banner-effect":"","title_i":"","menu_links":"","per_col":"3","image_1":"shopify:\/\/shop_images\/banner-3_7968957d-bd81-4cf5-91e2-f9fe548810a6.jpg","sub_width":4,"title":"Banner (child)"}},"dceda613-9ba9-444e-abc4-f12f8c653846":{"type":"html","settings":{"page_promo_html":"","textarea_promo_html":"<div class=\"border-top\"><\/div>","sub_width":12,"title":"HTML (child)"}},"9bbcfe0d-3cae-45b2-b1c7-292ca608d257":{"type":"banner","settings":{"banner-effect":"","title_i":"","menu_links":"clothing-banner","per_col":"6","sub_width":12,"title":"Banner (child)"}},"1395346d-c97d-4c86-8fd1-61ee751c81a5":{"type":"link","settings":{"title":"Home Appliances","icon_font":"fkt-blender","label":""}},"c883a56c-ebff-4112-9e1b-ef5d1addb03d":{"type":"link","settings":{"title":"Healthy & Beauty","icon_font":"fkt-heartbeat","label":""}},"a635d26d-77be-4a58-a77a-593a76dd4f2f":{"type":"link","settings":{"title":"Shoes & Boots","icon_font":"fkt-shoe-prints","label":""}},"998f768e-97e5-40bb-9c18-4a9e428cf3db":{"type":"link","settings":{"title":"Travel & Outdoor","icon_font":"fkt-map-signs","label":""}},"4285d420-da46-4801-9fc3-61b22930981a":{"type":"link","settings":{"title":"Smart Phones","icon_font":"fkt-mobile-alt","label":""}},"06a108e2-6cf0-4ec7-874a-5cf6edd3b32c":{"type":"link","settings":{"title":"TV & Audio","icon_font":"fkt-tv","label":""}},"b9d30fd6-93e0-4f32-af88-4b3159cd076d":{"type":"link","settings":{"title":"Backpack & Bag","icon_font":"fkt-shopping-bag","label":""}},"0d271487-075e-4bf5-a561-5768e1f45a51":{"type":"link","settings":{"title":"Musical Instruments","icon_font":"fkt-music","label":""}},"91936039-1751-42b2-b207-96bbc3adca45":{"type":"link","settings":{"title":"Gift Ideas","icon_font":"fkt-gift","label":""}}},"block_order":["63159770-24a1-4584-bfab-fe7cc5b58b5a","005c05a8-2568-403f-ba4c-54944de8aea3","15880cc9-f229-4774-8928-2aead2e0bb01","650f327f-c48e-4992-acc0-40ac277e84f5","7c5e1af3-096d-4510-89ce-a9a47832da37","abaf1da0-fde2-456c-9bb1-c757ff0a048c","dc79e960-74fc-44b5-a0e7-6180dc617d99","f297c2b6-3738-4846-9545-31660218ae57","dceda613-9ba9-444e-abc4-f12f8c653846","9bbcfe0d-3cae-45b2-b1c7-292ca608d257","1395346d-c97d-4c86-8fd1-61ee751c81a5","c883a56c-ebff-4112-9e1b-ef5d1addb03d","a635d26d-77be-4a58-a77a-593a76dd4f2f","998f768e-97e5-40bb-9c18-4a9e428cf3db","4285d420-da46-4801-9fc3-61b22930981a","06a108e2-6cf0-4ec7-874a-5cf6edd3b32c","b9d30fd6-93e0-4f32-af88-4b3159cd076d","0d271487-075e-4bf5-a561-5768e1f45a51","91936039-1751-42b2-b207-96bbc3adca45"],"settings":{"title_categories":"Browse Categories","list_categories_2":"","list_categories_2_open":true}}},"content_for_index":["1614129827045","1612489579883","16141361949660618b","1610590433794","1614150509091","1613640417cc1644ab","1570064085130","16136405361276c2ff","1614151949218","16141553132e102b47","16137237365851533a","1614133489a5518951","1612489778594"]}}