{"current":{"apple_touch_icon":"shopify:\/\/shop_images\/apple-touch-icon.png","favicon":"shopify:\/\/shop_images\/favicon-1.png","favicon_print":"safari-pinned-tab.svg","body_logo_svg_code":"","body_logo_svg":"","logo":"shopify:\/\/shop_images\/logo_c1cc906b-de91-4cb3-840b-9c2dd7e81e2a.png","logo_max_width":125,"body_logo_mobile_svg":"","logo_mobile":"shopify:\/\/shop_images\/logo_c1cc906b-de91-4cb3-840b-9c2dd7e81e2a.png","import_header":"02","import_footer":"02","dir_body":"ltr","use_header_mobile_logo_center":false,"use_header_mobile_search_box":false,"use_mobile_bottom_bar":false,"use_wrap_container":false,"use_sidebar":false,"use_sidebar_r":false,"width_sidebar_layout":"container","phone_contact":"+98 765 432","email_contact":"info@demo.com","use_countdown_timezone":false,"timezone":"EST","aspect_ratio_default":"1\/1","aspect_ratio":"1\/1","use_wishlist":"local","use_compare":true,"use_quickview":true,"use_scroll_name_tabs":false,"popup_cookies":false,"popup_ageVer":false,"popup_ageVer_bg":"","review_app":"none","zero_review":false,"mapIframe":"<iframe src=\"https:\/\/www.google.com\/maps\/embed?pb=!1m18!1m12!1m3!1d7062.289680675729!2d144.81240662484888!3d-37.74698974260446!2m3!1f0!2f0!3f0!3m2!1i1024!2i768!4f13.1!3m3!1m2!1s0x6ad65fa6dec24bad%3A0x6dc7abb8163efdc5!2s184+Main+Rd+E%2C+St+Albans+VIC+3021%2C+Australia!5e0!3m2!1sen!2sus!4v1440345347207\" width=\"800\" height=\"300\" frameborder=\"0\" style=\"border:0\" allowfullscreen=\"\"><\/iframe>","trust_image_":"","accessToken_instagram":"IGQVJYZAjVzQmUxVEs1VTZAkRGdxN1E5QkxYa3Q2eVBTYVgtV2V0UFpDRTFsM3lzUHp5bjdHa0dFS25YUG1hNmR0U1phcHVFdTNBTG9TakJqWXFQalZAxMFJtV0ZAXc0p5S0RadEVpM3dXWlV0RVFsVjViagZDZD","byTag_instagram":"","limit_instagram":"8","newsletter_popup":true,"newsletter_popup_hide_mobile":true,"newsletter_layout":"1","use_omnisend":false,"omnisend_api":"","use_klaviyo":false,"klaviyo_list_id":"","use_mailchimp":true,"newsletter_mailchimp_url":"\/\/rdcma.us12.list-manage.com\/subscribe\/post-json?u=453fe31fe58b055e4ac91dec5&amp;id=d56eea7449&amp;c=?","use_mailchimp_ajax":true,"popup_newsletter_coupon_code":"MOLLA25%OFF","home_page_keywords":"","disable_right_click":false,"ajax_cart":true,"ajax_cart_page":true,"sticky_icon_cart":true,"cart_notes_enable":true,"shipping_calculator":true,"use_gift_wrapping":true,"gift_wrap_product":"","use_gift_message":true,"type_ajax_cart":"drawer","terms_conditions":true,"terms_and_privacy_conditions":"<p>I accept the <a href=\"\/pages\/terms-privacy-policy\">Terms \/ Privacy Policy.<\/a><\/p>","terms_and_privacy_conditions_noti":"<p>You must agree with the <strong>terms and conditions<\/strong> of sales to check out.<\/p>","use_threshold_in_page":true,"use_d_c_b_cart_drop":false,"use_threshold_in_drop":false,"edit_it_cart_drawer":true,"gift_wrap_cart_drawer":true,"coupon_code_cart_drawer":true,"shipping_calculator_cart_drawer":true,"note_cart_drawer":true,"use_threshold_in_drawer":true,"text_above_cart_drawer":"Taxes calculated at checkout","use_d_c_b_cart_drawer":false,"cart_notes_popup_enable":false,"use_threshold_in_popup":false,"text_above_cart_popup":"Taxes and Shipping calculated at checkout","use_d_c_b_cart_popup":false,"trust_image_popup":"","cart_products_popup_enable":false,"color_body_text":"#222222","color_body_bg":"#ffffff","color_wrap_bg":"#ffffff","image_body_bg":"","color_primary":"#a6c76c","color_pt_bground":"#eeeeee","color_text_announcement":"#fff","color_text_announcement_hv":"#fff","color_announcement_bg":"#cc6666","announcement_color_bg_op":1,"color_text_headert":"#999999","color_text_headert_hv":"#a6c76c","color_headt_bg":"#f8f8f8","color_headt_bg_op":1,"color_icon_header":"#333333","color_text_header":"#555","color_text_header_hv":"#555","color_head_bg":"#ffffff","color_head_bg_op":1,"color_text_headerb":"#333333","color_text_headerb_hv":"#a6c76c","color_headb_bg":"#ffffff","color_headb_bg_op":1,"color_pr_price":"#333333","color_pr_price_sale":"#ef837b","color_prvs_price":"#111","color_pr_onsale":"#e53939","color_pr_onnew":"#a6c76c","color_pr_onsoldout":"#222","color_prouct_page_bg":"#f2f2f2","color_text_footer":"#999999","color_title_footer":"#333333","footer_background_color":"#ffffff","border_color_footer":"#ebebeb","btn_primary_color":"#fff","btn_primary_color_bg":"#a6c76c","btn_primary_border":"#a6c76c","btn_primary_color_hv":"#fff","btn_primary_color_bg_hv":"#92b25a","btn_primary_border_hv":"#92b25a","btn_outline_primary_color":"#a6c76c","btn_outline_primary_border":"#a6c76c","share_facebook":true,"share_twitter":true,"share_pinterest":true,"share_tumblr":true,"title_social":"Social Media","social_twitter_link":"#","social_facebook_link":"#","social_googleplus_link":"","social_pinterest_link":"#","social_instagram_link":"#","social_vk_link":"","social_linkedin_link":"","social_tumblr_link":"","social_snapchat_link":"","social_youtube_link":"#","social_vimeo_link":"","coll_width_section":"container","coll_width_content":true,"sort_enable":true,"list_categories_enable":true,"list_categories_linklist":"category-1","coll_masonry":false,"coll_gridlist_enable":true,"coll_breadcrumb_enable":true,"coll_shop_layout":"","coll_sidebar_layout":"left","coll_list_enable":false,"coll_grid":"3","coll_layout":"default","coll_limit":16,"coll_grid_layout":"","filter_price_list":"$7-$50, $50-$150, $150-$500, $500-$1000","use_first_avai_img":false,"img_type":"stretch","use_second_img":true,"product_grid_layout":"01","label_style":"02","pr_grid_talg":"text-center","price_varies_style":"1","use_sale_label":true,"use_new_label":true,"new_day":"30","use_review_grid":true,"use_vendor_grid":true,"use_countdown_grid":true,"countdown_grid_style":"01","use_add_to_cart_btn":true,"qs_show_vars_list":false,"qs_use_name_opt":false,"qs_show_first_opt":false,"qs_hide_only_1_opt":false,"qs_hide_on_mobile":false,"qs_swatch_style":"color","qs_op_swatch1":"Color","qs_is_use1":true,"qs_option_style_1":"circle _small","qs_op_swatch2":"Size","qs_is_use2":false,"qs_option_style_2":"list list_1","qs_op_swatch3":"","qs_is_use3":false,"qs_option_style_3":"list list_1","qs_op_swatch4":"","qs_is_use4":false,"qs_option_style_4":"list list_1","qs_op_swatch5":"","qs_is_use5":false,"qs_option_style_5":"list list_1","product_width_section":"w-100","product_width_content":true,"max_width_photo":100,"use_thumb":true,"use_thumb_vertical":true,"max_width_vertical_thumbnail":21,"use_thumb_hidden_on_mb":false,"use_maxheight":false,"img_type_prd_single":"normal","gallery":true,"use_zoom":true,"use_wide":true,"use_ask":false,"show_vendor":true,"show_sku":true,"show_shortdes":true,"show_categories":true,"show_quantity_selector":true,"use_shipping_info":false,"show_share_buttons":true,"trust_image_prdsingle":false,"atc_btn":"btn-primary","atc_btn_rounded":"","atc_btn_shadow":true,"atc_btn_big":false,"size_guide":"size-chart","shipping":"shipping-returns-tab","use_name_opt":true,"swatch_style":"color","op_swatch1":"Color","is_use1":true,"option_style_1":"combobox","op1_size":20,"op1_attach":false,"op1_pre_select":false,"op_swatch2":"Size","is_use2":false,"option_style_2":"not_select square","op2_size":20,"op2_attach":true,"op2_pre_select":false,"op_swatch3":"","is_use3":false,"option_style_3":"combobox","op3_size":20,"op3_attach":false,"op3_pre_select":false,"op_swatch4":"","is_use4":false,"option_style_4":"combobox","op4_size":20,"op4_pre_select":false,"op4_attach":false,"op_swatch5":"","is_use5":false,"option_style_5":"combobox","op5_size":20,"op5_attach":false,"op5_pre_select":false,"show_sticky_add":true,"show_sticky_add_mobile":true,"sticky_position":"bottom","sticky_style":"light","show_sticky_img":true,"show_sticky_quantiny":true,"qv_use_thumb":true,"qv_use_thumb_vertical":true,"qv_show_shortdes":false,"use_search":true,"use_search_ajax":true,"use_search_by_collection":true,"search_type_page":true,"search_type_article":true,"limit_search":15,"blog_layout":"01","blog_pagination":9,"article_layout":"01","modal_login":true,"terms_conditions_register":false,"terms_and_privacy_conditions_register":"<p>I accept the <a href=\"\/pages\/terms-privacy-policy\">Terms \/ Privacy Policy.<\/a><\/p>","terms_and_privacy_conditions_noti_register":"<p>You must agree with the <strong>terms and conditions<\/strong> of sales to check out.<\/p>","font_base_family_shopify":"poppins_n4","fsize_body":64.5,"fsize_body_mb":62.5,"link_google_f":"<link href=\"https:\/\/fonts.googleapis.com\/css2?family=Jost:ital,wght@0,300;0,400;0,500;0,700;0,800;1,300;1,400;1,500;1,700;1,800&amp;display=swap\" rel=\"stylesheet\">","font_main_header_family":"poppins_n5","ttranf_main_header":"uppercase","fsize_header_lv1":1.4,"fsize_section_title":3,"fsize_section_title_mb":2.4,"fweight_section_title":"500","fsize_section_stitle":1.4,"ffmaily_section_stitle":"poppins_n4","fstyle_section_stitle":"normal","fsize_psingle_title":2.4,"ttranf_psingle_title":"capitalize","fweight_psingle_title":"400","fstyle_psingle_stitle":"none","fsize_psingle_price":2.4,"show_multiple_currencies":true,"currency_options":"shopify","use_auto_currencies":false,"currency_format":"money_format","supported_currencies":"INR GBP CAD USD AUD EUR JPY","show_real_time_visitor":false,"real_time_max":100,"real_interval_time":2,"bg_count":"#e53939","enable_delivery_option":true,"delivery_from_date":10,"delivery_to_date":15,"delivery_off_saturday":true,"delivery_off_sunday":true,"delivery_off_days":"23\/12\/****|24\/12\/****|01\/01\/****","delivery_format_date":"dddd MM\/DD\/YYYY","enable_suggest_products":false,"collection_suggest":"","display_index":true,"display_product":true,"display_collection":false,"display_article":false,"display_blog":false,"display_cart":false,"display_page":false,"delay_time":"7000","show_time":"7000","use_suggest":true,"use_fake_location":true,"fake_location":"Melbourne, Australia | Washington | Nevada","show_close_suggest":true,"stock_countdown":false,"time_countdown":"","total_items_hours":8,"total_items_minutes":59,"total_items_seconds":60,"use_progress_bar_out_of_stock":false,"total_items":50,"stock_from":12,"stock_to":20,"stock_message":"Hurry! Only #stock_number left in stock.","stock_bg_process":"#e53939","stock_bg":"#e9ecef","free_shipping_above":"2000.99","free_shipping_above_prd":"","countdown_cart":true,"countdown_cart_minutes":4,"countdown_cart_text":"<i class=\"fkt-lg fkt-info-circle mr-1\"><\/i>Someone has placed an order on one of the items you have in the cart. We'll keep it for you for <strong id=\"timer_count\">0:00<\/strong> minutes.","custom_html_head":"<meta name=\"google-site-verification\" content=\"_BCLYBxBpNI6QPGJbxUNNDLyX0qBQ3XOdC0h9okOVCs\">\n<link rel=\"preconnect\" href=\"https:\/\/fonts.gstatic.com\">\n<style>\nbody {--f_family: Jost;}\n<\/style>","show_custom_css":true,"custom_css":".icon-box-side .icon-box-icon{\n  color: var(--text);\n}\n.header-bottom .main-mn &gt; li:first-child &gt; a:before {\n  left: -1.5rem;\n}\n.content_1566403665924 .imgs__banner_template2 .item__2 .text-content {\n  top: 4rem;\n  bottom: auto;\n  left: 4rem;\n}\n.content_1566403665924 .imgs__banner_template2 .btn {\n  border-bottom-width: thin;\n}\n.content_1566403665924 .imgs__banner_template2 h3 {\n  margin: 0 0 6px -1px;\n  font-weight: 500;\n  font-size: 3rem;\n  letter-spacing: -.75px;\n  line-height: 1.1;\n}\n.imgs__banner_template2 h3 .stitle {\n  color: #222;\n  font-weight: 400;\n  font-size: 2.4rem;\n  letter-spacing: -.24px;\n  margin: 1rem 0 1.4rem 0;\n  display: block;\n}\n.imgs__banner_template2 .item__2 h3 .stitle {\n  color: #fff;\n}\n.md_products_section .box-tabs a.active {\n  color: #333;\n  border-bottom-color: var(--primary);\n}\n.content_1566442643300 .cta-title {\n    font-size: 4rem;\n}\n.item-blog .read-more {\n  text-transform: capitalize;\n}\n.item-blog .read-more:not(:hover) {\n  color: #333;\n}\n.item-blog .read-more:hover:after{\n  color: var(--primary);\n}","xs_custom_css":"","sm_custom_css":"","md_custom_css":"","lg_custom_css":"","xl_custom_css":"","breakpoints":"0, 576px, 768px, 992px, 1200px, 1230px","max_width":"0, 540px, 720px, 960px, 1140px, 1200px","business_use_jsonld":true,"business_type_jsonld":"ClothingStore","business_logo_jsonld":"","business_image_jsonld":"","business_phone_jsonld":"","business_openinghours_jsonld":"","business_sameas_jsonld":"","business_hasmap_jsonld":"","business_pricerange_jsonld":"","business_brand_jsonld":"","business_saddress_jsonld":"","business_caddress_jsonld":"","business_paddress_jsonld":"","business_zaddress_jsonld":"","business_coaddress_jsonld":"","use_app":true,"name_app":"","names_app":"","favicon_app":"shopify:\/\/shop_images\/android-chrome-256x256_cda51ca9-488c-42b6-a04c-d4255fb059e2.png","favicon_xml":"shopify:\/\/shop_images\/mstile-150x150.png","checkout_header_image":"shopify:\/\/shop_images\/page-header-bg.jpg","checkout_logo_image":"shopify:\/\/shop_images\/logo_c1cc906b-de91-4cb3-840b-9c2dd7e81e2a.png","checkout_logo_position":"left","checkout_logo_size":"medium","checkout_body_background_image":"","checkout_body_background_color":"#ffffff","checkout_input_background_color_mode":"white","checkout_sidebar_background_image":"","checkout_sidebar_background_color":"#fafafa","checkout_heading_font":"-apple-system, BlinkMacSystemFont, 'Segoe UI', Roboto, Helvetica, Arial, sans-serif, 'Apple Color Emoji', 'Segoe UI Emoji', 'Segoe UI Symbol'","checkout_body_font":"-apple-system, BlinkMacSystemFont, 'Segoe UI', Roboto, Helvetica, Arial, sans-serif, 'Apple Color Emoji', 'Segoe UI Emoji', 'Segoe UI Symbol'","checkout_accent_color":"#a6c76c","checkout_button_color":"#a6c76c","checkout_error_color":"#e32c2b","sections":{"header-02":{"type":"header-02","blocks":{"1566368019155":{"type":"promo","settings":{"name_item":"Home","button_link":"\/","label":"","menu_links_width":"1200px","sub_width":8,"menu_links":"","menu_links_per_col":"1","promo_width":12,"use_promo_html":true,"page_promo_html":"home-demo","textarea_promo_html":""}},"1566368918749":{"type":"promo","settings":{"name_item":"Shop","label":"","menu_links_width":"1000px","sub_width":9,"menu_links":"shop","menu_links_per_col":"3","promo_width":3,"promo_image":"shopify:\/\/shop_images\/banner-1.jpg","promo_link":"#","use_promo_html":false,"page_promo_html":"","textarea_promo_html":""}},"1566370135707":{"type":"promo","settings":{"name_item":"Product","button_link":"shopify:\/\/collections\/all","label":"","menu_links_width":"795px","sub_width":8,"menu_links":"product","menu_links_per_col":"2","promo_width":4,"promo_image":"shopify:\/\/shop_images\/banner-2.jpg","promo_link":"#","use_promo_html":false,"page_promo_html":"","textarea_promo_html":""}},"1566370958829":{"type":"standard","settings":{"label":"","menu_links":"pages"}},"1566371222294":{"type":"standard","settings":{"label":"","menu_links":"blog"}},"1571207491276":{"type":"link","settings":{"button_link":"http:\/\/bit.ly\/2PkTTWG","title":"Buy Molla","label":"Sale"}},"1566378197076":{"type":"top_menu","settings":{"call_us_show":false,"email_show":false,"social_contact_show":false,"wishlist_show":false,"compare_show":false,"account_show":false,"link_inline_show":false,"link_inline":"","link_dropdown_show":false,"link_dropdown":"","account_dropdown_show":false,"currency_dropdown_show":false,"language_app_show":false,"language_app_html":"","custom_show":true,"custom_html":"<p class=\"mb-0 d-inline-block\">Special collection <span class=\"d-none d-sm-inline-block\">already available.<\/span><\/p><a href=\"#\"> Read more ...<\/a>","col":"auto"}},"1566378228269":{"type":"top_menu","settings":{"call_us_show":false,"email_show":false,"social_contact_show":false,"wishlist_show":false,"compare_show":false,"account_show":false,"link_inline_show":true,"link_inline":"top-links-1","link_dropdown_show":false,"link_dropdown":"","account_dropdown_show":false,"currency_dropdown_show":true,"language_app_show":false,"language_app_html":"","custom_show":false,"custom_html":"","col":"auto"}},"1569900642074":{"type":"hot_1","settings":{"button_link":"#","title":"<i class=\"fkt-sketch\"><\/i><p>Clearance<span class=\"highlight\"> Up to 30% Off<\/span><\/p>"}}},"block_order":["1566368019155","1566368918749","1566370135707","1566370958829","1566371222294","1571207491276","1566378197076","1566378228269","1569900642074"],"settings":{"use_header_announcement":false,"sticky_header_announcement":false,"width_announcement":"container","width_content":true,"announcement_reponsive":"{\n  \"0\": {\n    \"slidesPerView\": 1,\n    \"spaceBetween\": 0\n  },\n  \"320\": {\n    \"slidesPerView\": 1,\n    \"spaceBetween\": 0\n  },\n  \"768\": {\n    \"slidesPerView\": 1,\n    \"spaceBetween\": 0\n  },\n  \"992\": {\n    \"slidesPerView\": 1,\n    \"spaceBetween\": 0\n  },\n  \"1200\": {\n    \"slidesPerView\": 1,\n    \"spaceBetween\": 0\n  }\n}","announcement_margin_top":"","announcement_margin_bottom":"","announcement_padding":"","announcement_onm":false,"announcement_ont":false,"use_header_top":true,"sticky_header_top":true,"width_header_top":"container","header_top_margin_top":"","header_top_margin_bottom":"","header_top_padding":"0.7rem 0","header_top_onm":false,"header_top_ont":false,"sticky_menu":false,"width_header":"container","header_margin_top":"","header_margin_bottom":"","header_padding":"","use_account":true,"use_compare":true,"use_wishlist":true,"use_cart":true,"padding_size":1.3,"main_linklist":"","title_categories":"Browse Categories","list_categories":"browse-categories","list_categories_open":false}},"header-mobile":{"type":"header-mobile","blocks":{"1566369290802":{"type":"item_menu","settings":{"menu_links":"main-menu","title":"Menu","call_us_show":false,"email_show":false,"wishlist_show":false,"compare_show":false,"account_show":false,"currency_dropdown_show":false,"language_app_show":false,"language_app_html":"","custom_show":false,"custom_html":""}},"1566531134765":{"type":"item_categories_1","settings":{"menu_links":"browse-categories","title":"Categories"}}},"block_order":["1566369290802","1566531134765"],"settings":{"use_lazy":true,"use_search":true}},"custom_color":{"type":"custom_color","blocks":{"1570843796803":{"type":"color","settings":{"title":"Navy polka dot","color_1_c":"","color_2_c":"","color_img":true}},"1570843956465":{"type":"color","settings":{"title":"Light Blue polka dot","color_1_c":"","color_2_c":"","color_img":true}},"1588305863169":{"type":"label","settings":{"title":"new","color":"#ffffff","bg_color":"#1cc0a0"}},"1588305874679":{"type":"label","settings":{"title":"hot","color":"#ffffff","bg_color":"#e53939"}}},"block_order":["1570843796803","1570843956465","1588305863169","1588305874679"],"settings":{}},"cookies_popup":{"type":"cookies_popup","settings":{"cookies_popup_text":"We use cookies to improve your experience on our website. By browsing this website, you agree to our use of cookies."}},"kt_banner_all_page":{"type":"kt_banner_all_page","settings":{"title":"(Banner) All page","off_section":true,"off_mobile":false,"off_desktop":false,"width_section":"w-100","width_content":true,"section_margin_top":"","section_margin_bottom":"","section_padding":"2rem 0","section_bg":"#e53939","section_bg_op":1,"message_richtext":"<p>Now These Bestsellers are back in stock &amp; ready for action!<\/p>","link":"#","textBtn":"Shop Now <i class=\"fa fa-caret-right\" aria-hidden=\"true\"><\/i>","load_btn":true,"style_btn":"btn-outline-white","style_btn_rounded":"","btn_shadow":false}},"kt_top_banner":{"type":"kt_top_banner","blocks":{"1570844648685":{"type":"collection_banner","settings":{"off_section":false,"off_mobile":false,"off_desktop":false,"html":"<div class=\"page-header text-center\">\n<h1 class=\"page-title\">Grid Columns<span>Shop<\/span>\n<\/h1>\n<\/div>","by_handle_1":"","by_handle_2":"","by_handle_3":"","by_handle_11":"all_handle","width_section":"w-100","width_content":false,"section_margin_top":"","section_margin_bottom":"","section_padding":"4.5rem 0","section_bg":"","section_bg_op":0.5,"image":"shopify:\/\/shop_images\/page-header-bg.jpg"}},"1571727555274":{"type":"cart_banner","settings":{"off_section":false,"off_mobile":false,"off_desktop":false,"html":"<div class=\"page-header text-center\"><h1 class=\"page-title\">Shopping Cart<span>Shop<\/span>\n<\/h1><\/div>","width_section":"w-100","width_content":true,"section_margin_top":"","section_margin_bottom":"","section_padding":"4.6rem 0 5rem","section_bg":"","section_bg_op":0.5,"image":"shopify:\/\/shop_images\/page-header-bg.jpg"}},"1571926336502":{"type":"page_banner","settings":{"off_section":false,"off_mobile":false,"off_desktop":false,"html":"<div class=\"page-header text-center\"><h1 class=\"page-title\">About us 2<span>Page<\/span>\n<\/h1><\/div>","by_handle_1":"about-us-2","by_handle_2":"","by_handle_3":"","by_handle_11":"","width_section":"w-100","width_content":true,"section_margin_top":"","section_margin_bottom":"","section_padding":"4.6rem 0 5rem","section_bg":"","section_bg_op":0.5,"image":"shopify:\/\/shop_images\/page-header-bg.jpg"}},"1572080254452":{"type":"page_banner","settings":{"off_section":false,"off_mobile":false,"off_desktop":false,"html":"<div class=\"page-header text-center\"><h1 class=\"page-title\">F.A.Q<span>Pages<\/span>\n<\/h1><\/div>","by_handle_1":"faq","by_handle_2":"","by_handle_3":"","by_handle_11":"","width_section":"w-100","width_content":true,"section_margin_top":"","section_margin_bottom":"","section_padding":"4.6rem 0 5rem","section_bg":"","section_bg_op":0.5,"image":"shopify:\/\/shop_images\/page-header-bg.jpg"}},"1572235272285":{"type":"account_banner","settings":{"off_section":false,"off_mobile":false,"off_desktop":false,"html":"<div class=\"page-header text-center\"><h1 class=\"page-title\">My Account<span>Shop<\/span>\n<\/h1><\/div>","width_section":"w-100","width_content":true,"section_margin_top":"","section_margin_bottom":"","section_padding":"4.6rem 0 5rem","section_bg":"","section_bg_op":0.5,"image":"shopify:\/\/shop_images\/page-header-bg.jpg"}}},"block_order":["1570844648685","1571727555274","1571926336502","1572080254452","1572235272285"],"settings":{"title":"Top banner"}},"product-template":{"type":"product-template","blocks":{"1566381177638":{"type":"tb_description","settings":{"show_tab":true,"tab_title":"Description","tab_width":"container"}},"1566381180677":{"type":"tb_details","settings":{"show_tab":true,"tab_title":"Additional information","show_vendor":true,"show_type":true,"show_sku":true,"show_weight":true}},"1566381183176":{"type":"tb_shipping","settings":{"show_tab":true,"tab_title":"Shipping & Returns","use_shipping_info":true,"use_delivery_time":true}},"1572488500105":{"type":"tb_review","settings":{"show_tab":true,"tab_title":"Review(s)"}}},"block_order":["1566381177638","1566381180677","1566381183176","1572488500105"],"settings":{"layout":"1","layout_tabs":"1","use_d_c_b":false}},"kt_recentlyViewedProducts":{"type":"kt_recentlyViewedProducts","settings":{"title":"Recently viewed Products","off_section":false,"off_mobile":false,"off_desktop":false,"width_section":"container","width_content":true,"section_margin_top":"","section_margin_bottom":"5rem","section_padding":"","section_bg":"","section_bg_op":0.5,"product_recently_title":"Recently viewed","product_recently_stitle":"","autoplay":false,"use_navigation":true,"nav_style":"-default","nav_mode":"default","nav_position":"nav-center-outside","use_dots":false,"dots_mode":"default","dots_position":"inside","responsive":"{\n  \"0\": {\n    \"slidesPerView\": 1,\n    \"spaceBetween\": 0\n  },\n  \"320\": {\n    \"slidesPerView\": 2,\n    \"spaceBetween\": 10\n  },\n  \"768\": {\n    \"slidesPerView\": 2,\n    \"spaceBetween\": 20\n  },\n  \"992\": {\n    \"slidesPerView\": 3,\n    \"spaceBetween\": 20\n  },\n  \"1200\": {\n    \"slidesPerView\": 5,\n    \"spaceBetween\": 20\n  }\n}"}},"kt_related-products":{"type":"kt_related-products","settings":{"title":"Related Products","off_section":false,"off_mobile":false,"off_desktop":false,"width_section":"w-100","width_content":true,"section_margin_top":"","section_margin_bottom":"2rem","section_padding":"","section_bg":"","section_bg_op":0.5,"title_section":"You May Also Like","stitle_section":"","reverse":false,"title_align":"text-center","margin_btitle":3,"recommendations_enable":true,"product_related_collection":"","product_items":8,"autoplay":false,"use_navigation":true,"nav_style":"-default","nav_mode":"default","nav_position":"nav-center-center","use_dots":false,"dots_mode":"default","dots_position":"inside","responsive":"{\n  \"0\": {\n    \"slidesPerView\": 1,\n    \"spaceBetween\": 0\n  },\n  \"320\": {\n    \"slidesPerView\": 2,\n    \"spaceBetween\": 10\n  },\n  \"768\": {\n    \"slidesPerView\": 2,\n    \"spaceBetween\": 20\n  },\n  \"992\": {\n    \"slidesPerView\": 3,\n    \"spaceBetween\": 20\n  },\n  \"1200\": {\n    \"slidesPerView\": 5,\n    \"spaceBetween\": 20\n  }\n}"}},"footer_02":{"type":"footer_02","settings":{"use_footer":true,"off_mobile":false,"off_desktop":false,"width_section":"w-100","width_content":true,"section_margin_top":"","section_margin_bottom":"","section_padding":"","section_bg_op":0.5,"dark_mode":false,"logo_footer_svg":"logo_-_a6c76c_-_323232.svg","logo_footer":"shopify:\/\/shop_images\/logo_c1cc906b-de91-4cb3-840b-9c2dd7e81e2a.png","logo_footer_max_width":110,"footer_description":"Praesent dapibus, neque id cursus ucibus, tortor neque egestas augue, eu vulputate magna eros eu erat. Aliquam erat volutpat. Nam dui mi, tincidunt quis, accumsan porttitor, facilisis luctus, metus.","footer_description_title_phone":"Got Question? Call us 24\/7","footer_description_payment_method":"Payment Method","payment_image":"shopify:\/\/shop_images\/payments.png","title_1":"Useful Links","footer_link_1":"useful-links","title_2":"Customer Service","footer_link_2":"customer-service","title_3":"My Account","footer_link_3":"my-account","copyright":"Copyright © 2019 Molla Store. All Rights Reserved.","footer_link_copyright":"footer"}},"collection-filter":{"type":"collection-filter","blocks":{"1566450149734":{"type":"item_categories","settings":{"key":"kt_categories","block_width":"auto"}},"1566449220908":{"type":"item","settings":{"title":"Size","tags":"","key":"Size","block_width":"auto","block_style":"1","use_split":false}},"1566449246833":{"type":"item","settings":{"title":"Color","tags":"","key":"Color","block_width":"auto","block_style":"5","use_split":false}},"1566449758793":{"type":"item","settings":{"title":"Brand","tags":"","key":"Vendor","block_width":"auto","block_style":"7","use_split":false}},"1566449984325":{"type":"item","settings":{"title":"Price","tags":"","key":"Price","block_width":"auto","block_style":"1","use_split":false}}},"block_order":["1566450149734","1566449220908","1566449246833","1566449758793","1566449984325"],"settings":{"color_groups":"Color","brands_icon":"\/\/cdn.shopify.com\/s\/files\/1\/0264\/6972\/8316\/files\/Molla.png?22176"}},"login-register-template":{"type":"login-register-template","settings":{"width_section":"w-100","width_content":true,"section_margin_top":"","section_margin_bottom":"","section_padding":"17.5rem 0 17.5rem","section_bg":"","section_bg_op":0.5,"image":"shopify:\/\/shop_images\/login-bg.jpg"}},"404-template":{"type":"404-template","settings":{"img":"shopify:\/\/shop_images\/error-bg.jpg","url":"shopify:\/\/collections\/all"}},"about-template":{"type":"about-template","blocks":{"1566459467440":{"type":"item_banner","settings":{"off_block":false,"off_mobile":false,"off_desktop":false,"width_section":"container","width_content":true,"section_margin_top":"","section_margin_bottom":"","section_padding":"4.5rem 0","section_bg":"","section_bg_op":0.5,"image":"shopify:\/\/shop_images\/about-header-bg.jpg","html_content":"About us<span>Who we are<\/span>","title_1":"Our Vision","html_content_1":"Lorem ipsum dolor sit amet, consectetuer adipiscing elit. Phasellus hendrerit. Pellentesque aliquet nibh nec urna. In nisi neque, aliquet vel, dapibus id, mattis vel, nisi. Sed pretium, ligula sollicitudin laoreet viverra, tortor libero sodales leo, eget blandit nunc tortor eu nibh.","title_2":"Our Mission","html_content_2":"Sed egestas, ante et vulputate volutpat, eros pede semper est, vitae luctus metus libero eu augue. Morbi purus libero, faucibus adipiscing, commodo quis, gravida id, est. Sed lectus. <br>Praesent elementum hendrerit tortor. Sed semper lorem at felis."}},"1566459607551":{"type":"item_who_we_are","settings":{"off_block":false,"off_mobile":false,"off_desktop":false,"width_section":"w-100","width_content":true,"section_margin_top":"5rem","section_margin_bottom":"","section_padding":"5rem 0","section_bg":"#f9f9f9","section_bg_op":1,"title":"Who We Are","html_content":"<p class=\"lead text-primary mb-3\">Pellentesque odio nisi, euismod pharetra a ultricies <br>in diam. Sed arcu. Cras consequat<\/p><p class=\"mb-2\">Sed pretium, ligula sollicitudin laoreet viverra, tortor libero sodales leo, eget blandit nunc tortor eu nibh. Suspendisse potenti. Sed egestas, ante et vulputate volutpat, uctus metus libero eu augue. <\/p>","btn_name":"<span>VIEW OUR NEWS<\/span><i class=\"fkt-long-arrow-right\"><\/i>","btn_url":"","image":"shopify:\/\/shop_images\/Untitled-1.jpg"}},"1566460216036":{"type":"item_brands_info","settings":{"off_block":false,"off_mobile":false,"off_desktop":false,"width_section":"container","width_content":true,"section_margin_top":"8rem","section_margin_bottom":"","section_padding":"","section_bg":"","section_bg_op":0.5,"title":"The world's premium design brands in one destination.","html_content":"Phasellus hendrerit. Pellentesque aliquet nibh nec urna. In nisi neque, aliquet vel, dapibus id, mattis vel, nis","image_1":"shopify:\/\/shop_images\/logo-6.png","brand_call_to_action_1":"","image_2":"shopify:\/\/shop_images\/logo-5.png","brand_call_to_action_2":"","image_3":"shopify:\/\/shop_images\/logo-4.png","brand_call_to_action_3":"","image_4":"shopify:\/\/shop_images\/logo-3.png","brand_call_to_action_4":"","image_5":"shopify:\/\/shop_images\/logo-2.png","brand_call_to_action_5":"","image_6":"shopify:\/\/shop_images\/logo-1.png","brand_call_to_action_6":"","image_7":"shopify:\/\/shop_images\/logo.png","brand_call_to_action_7":"","image_8":"shopify:\/\/shop_images\/logo-7.png","brand_call_to_action_8":"","image_9":"shopify:\/\/shop_images\/logo98.png","brand_call_to_action_9":""}},"1566460432072":{"type":"item_meet_our_team","settings":{"off_block":false,"off_mobile":false,"off_desktop":false,"width_section":"container","width_content":true,"section_margin_top":"","section_margin_bottom":"","section_padding":"","section_bg":"","section_bg_op":0.5,"title":"Meet Our Team","image_avatar_1":"shopify:\/\/shop_images\/member-1.jpg","name_1":"Samanta Grey<span>Founder & CEO<\/span>","info_1":"Sed pretium, ligula sollicitudin viverra, tortor libero sodales leo, eget blandit nunc.","social_twitter_link_1":"#","social_facebook_link_1":"#","social_instagram_link_1":"#","image_avatar_2":"shopify:\/\/shop_images\/member-2.jpg","name_2":"Bruce Sutton<span>Sales & Marketing Manager<\/span>","info_2":"Sed pretium, ligula sollicitudin viverra, tortor libero sodales leo, eget blandit nunc.","social_twitter_link_2":"#","social_facebook_link_2":"#","social_instagram_link_2":"#","image_avatar_3":"shopify:\/\/shop_images\/member-3.jpg","name_3":"Janet Joy<span>Product Manager<\/span>","info_3":"Sed pretium, ligula sollicitudin viverra, tortor libero sodales leo, eget blandit nunc.","social_twitter_link_3":"#","social_facebook_link_3":"#","social_instagram_link_3":"#","image_avatar_4":"","name_4":"Samanta Grey<span>Founder & CEO<\/span>","info_4":"Sed pretium, ligula sollicitudin viverra, tortor libero sodales leo, eget blandit nunc.","social_twitter_link_4":"","social_facebook_link_4":"","social_instagram_link_4":"","image_avatar_5":"","name_5":"Samanta Grey<span>Founder & CEO<\/span>","info_5":"Sed pretium, ligula sollicitudin viverra, tortor libero sodales leo, eget blandit nunc.","social_twitter_link_5":"","social_facebook_link_5":"","social_instagram_link_5":"","image_avatar_6":"","name_6":"Samanta Grey<span>Founder & CEO<\/span>","info_6":"Sed pretium, ligula sollicitudin viverra, tortor libero sodales leo, eget blandit nunc.","social_twitter_link_6":"","social_facebook_link_6":"","social_instagram_link_6":""}},"1566460593227":{"type":"item_customer_say","settings":{"off_block":false,"off_mobile":false,"off_desktop":false,"width_section":"w-100","width_content":true,"section_margin_top":"","section_margin_bottom":"","section_padding":"6rem 0","section_bg":"#f9f9f9","section_bg_op":1,"title":"What Customer Say About Us","image_avatar_1":"shopify:\/\/shop_images\/user-1.jpg","name_1":"Victoria Ventura<span>Customer<\/span>","info_1":"Impedit, ratione sequi, sunt incidunt magnam et. Delectus obcaecati optio eius error libero perferendis nesciunt atque dolores magni recusandae! Doloremque quidem error eum quis similique doloribus natus qui ut ipsum.Velit quos ipsa exercitationem, vel unde obcaecati impedit eveniet non.","image_avatar_2":"shopify:\/\/shop_images\/user-2.jpg","name_2":"Victoria Ventura<span>Customer<\/span>","info_2":"Impedit, ratione sequi, sunt incidunt magnam et. Delectus obcaecati optio eius error libero perferendis nesciunt atque dolores magni recusandae! Doloremque quidem error eum quis similique doloribus natus qui ut ipsum.Velit quos ipsa exercitationem, vel unde obcaecati impedit eveniet non.","image_avatar_3":"","name_3":"Victoria Ventura<span>Customer<\/span>","info_3":"Impedit, ratione sequi, sunt incidunt magnam et. Delectus obcaecati optio eius error libero perferendis nesciunt atque dolores magni recusandae! Doloremque quidem error eum quis similique doloribus natus qui ut ipsum.Velit quos ipsa exercitationem, vel unde obcaecati impedit eveniet non.","image_avatar_4":"","name_4":"Victoria Ventura<span>Customer<\/span>","info_4":"Impedit, ratione sequi, sunt incidunt magnam et. Delectus obcaecati optio eius error libero perferendis nesciunt atque dolores magni recusandae! Doloremque quidem error eum quis similique doloribus natus qui ut ipsum.Velit quos ipsa exercitationem, vel unde obcaecati impedit eveniet non.","image_avatar_5":"","name_5":"Victoria Ventura<span>Customer<\/span>","info_5":"Impedit, ratione sequi, sunt incidunt magnam et. Delectus obcaecati optio eius error libero perferendis nesciunt atque dolores magni recusandae! Doloremque quidem error eum quis similique doloribus natus qui ut ipsum.Velit quos ipsa exercitationem, vel unde obcaecati impedit eveniet non.","image_avatar_6":"","name_6":"Victoria Ventura<span>Customer<\/span>","info_6":"Impedit, ratione sequi, sunt incidunt magnam et. Delectus obcaecati optio eius error libero perferendis nesciunt atque dolores magni recusandae! Doloremque quidem error eum quis similique doloribus natus qui ut ipsum.Velit quos ipsa exercitationem, vel unde obcaecati impedit eveniet non.","autoplay":false,"use_navigation":true,"nav_style":"-default","nav_mode":"default","nav_position":"nav-default","use_dots":false,"dots_mode":"default","dots_position":"inside","responsive":"{\n  \"0\": {\n    \"slidesPerView\": 1,\n    \"spaceBetween\": 20\n  },\n  \"320\": {\n    \"slidesPerView\": 1,\n    \"spaceBetween\": 20\n  },\n  \"768\": {\n    \"slidesPerView\": 1,\n    \"spaceBetween\": 20\n  },\n  \"992\": {\n    \"slidesPerView\": 1,\n    \"spaceBetween\": 20\n  },\n  \"1200\": {\n    \"slidesPerView\": 1,\n    \"spaceBetween\": 20\n  }\n}"}}},"block_order":["1566459467440","1566459607551","1566460216036","1566460432072","1566460593227"],"settings":{}},"about-template-2":{"type":"about-template-2","blocks":{"1566460784606":{"type":"item_who_we_are","settings":{"off_block":false,"off_mobile":false,"off_desktop":false,"width_section":"container","width_content":true,"section_margin_top":"7rem","section_margin_bottom":"","section_padding":"","section_bg":"","section_bg_op":0.5,"title":"Who We Are","html_content":"<p>Sed pretium, ligula sollicitudin laoreet viverra, tortor libero sodales leo, eget blandit nunc tortor eu nibh. Suspendisse potenti. Sed egestas, ante et vulputate volutpat, uctus metus libero eu augue. Morbi purus libero, faucibus adipiscing, commodo quis, gravida id, est. Sed lectus. Praesent elementum hendrerit tortor. Sed semper lorem at felis.<\/p>","image_signature":"shopify:\/\/shop_images\/signature.png","image":"shopify:\/\/shop_images\/img-1.jpg"}},"1566460823506":{"type":"item_icons","settings":{"off_block":false,"off_mobile":false,"off_desktop":false,"width_section":"container","width_content":true,"section_margin_top":"5rem","section_margin_bottom":"","section_padding":"","section_bg":"","section_bg_op":0.5,"icon_font_1":"","icon_1":"","title_1":"Design Quality","content_1":"Sed egestas, ante et vulputate volutpat, eros pede semper est, vitae luctus metus libero <br>eu augue.","url_1":"","icon_font_2":"fkt-life-ring","icon_2":"","title_2":"Professional Support","content_2":"Praesent dapibus, neque id cursus faucibus, <br>tortor neque egestas augue, eu vulputate <br>magna eros eu erat.","url_2":"","icon_font_3":"fkt-heart-o","icon_3":"","title_3":"Made With Love","content_3":"Pellentesque a diam sit amet mi ullamcorper <br>vehicula. Nullam quis massa sit amet <br>nibh viverra malesuada.","url_3":"","icon_font_4":"","icon_4":"","title_4":"","content_4":"","url_4":""}},"1566460925430":{"type":"item_count","settings":{"off_block":false,"off_mobile":false,"off_desktop":false,"width_section":"w-100","width_content":true,"section_margin_top":"","section_margin_bottom":"","section_padding":"6rem 0 4rem|7rem 0 5rem|8rem 0 6rem|9rem 0 7rem|12rem 0 9rem","section_bg":"","section_bg_op":0.5,"image":"shopify:\/\/shop_images\/bg-4.jpg","bg_effect":"simple","parallax_speed":0.2,"count_1":"41","unit_1":"K+","title_1":"Happy Customer","count_2":"20","unit_2":"+","title_2":"Years in Business","count_3":"97","unit_3":"%","title_3":"Return Clients","count_4":"15","unit_4":"","title_4":"Awards Won"}},"1566461002748":{"type":"item_meet_our_team","settings":{"off_block":false,"off_mobile":false,"off_desktop":false,"width_section":"w-100","width_content":true,"section_margin_top":"","section_margin_bottom":"","section_padding":"6rem 0","section_bg":"#f9f9f9","section_bg_op":1,"title":"Meet Our Team","image_avatar_1":"shopify:\/\/shop_images\/member-1_a472bd77-93a2-41a3-99fb-fd5ddbb9fd40.jpg","name_1":"Samanta Grey<span>Founder & CEO<\/span>","social_twitter_link_1":"#","social_facebook_link_1":"#","social_instagram_link_1":"#","image_avatar_2":"shopify:\/\/shop_images\/member-2_69ba98da-951c-4cc3-a029-4a404901b18b.jpg","name_2":"Bruce Sutton<span>Sales & Marketing Manager<\/span>","social_twitter_link_2":"#","social_facebook_link_2":"#","social_instagram_link_2":"#","image_avatar_3":"shopify:\/\/shop_images\/member-3_f0873166-9097-481c-b892-fe02ea308b58.jpg","name_3":"Janet Joy<span>Product Manager<\/span>","social_twitter_link_3":"#","social_facebook_link_3":"#","social_instagram_link_3":"#","image_avatar_4":"shopify:\/\/shop_images\/member-4.jpg","name_4":"Mark Pocket<span>Product Manager<\/span>","social_twitter_link_4":"#","social_facebook_link_4":"#","social_instagram_link_4":"#","image_avatar_5":"shopify:\/\/shop_images\/member-5.jpg","name_5":"Damion Blue<span>Product Manager<\/span>","social_twitter_link_5":"#","social_facebook_link_5":"#","social_instagram_link_5":"#","image_avatar_6":"shopify:\/\/shop_images\/member-6.jpg","name_6":"Lenard Smith<span>Product Manager<\/span>","social_twitter_link_6":"#","social_facebook_link_6":"#","social_instagram_link_6":"#","image_avatar_7":"shopify:\/\/shop_images\/member-7.jpg","name_7":"Rachel Green<span>Product Manager<\/span>","social_twitter_link_7":"#","social_facebook_link_7":"#","social_instagram_link_7":"#","image_avatar_8":"shopify:\/\/shop_images\/member-8.jpg","name_8":"David Doe<span>Product Manager<\/span>","social_twitter_link_8":"#","social_facebook_link_8":"#","social_instagram_link_8":"#","btn_url":"","name_btn":"<span>LETS START WORK<\/span><i class=\"fkt-long-arrow-right\"><\/i>","style_btn":"btn-outline-primary-2","style_btn_rounded":"","btn_shadow":false}},"1566462146192":{"type":"item_brands_info","settings":{"off_block":false,"off_mobile":false,"off_desktop":false,"width_section":"container","width_content":true,"section_margin_top":"6rem","section_margin_bottom":"5rem","section_padding":"","section_bg":"","section_bg_op":0.5,"title":"The world's premium design brands in one destination.","html_content":"Phasellus hendrerit. Pellentesque aliquet nibh nec urna. In nisi neque, aliquet vel, dapibus id, mattis vel, nis","image_1":"shopify:\/\/shop_images\/logo-6.png","brand_call_to_action_1":"","image_2":"shopify:\/\/shop_images\/logo-5.png","brand_call_to_action_2":"","image_3":"shopify:\/\/shop_images\/logo-4.png","brand_call_to_action_3":"","image_4":"shopify:\/\/shop_images\/logo.png","brand_call_to_action_4":"","image_5":"shopify:\/\/shop_images\/logo-3.png","brand_call_to_action_5":"","image_6":"shopify:\/\/shop_images\/logo-2.png","brand_call_to_action_6":"","image_7":"shopify:\/\/shop_images\/logo-1.png","brand_call_to_action_7":"","image_8":"shopify:\/\/shop_images\/logo98.png","brand_call_to_action_8":"","image_9":"","brand_call_to_action_9":""}}},"block_order":["1566460784606","1566460823506","1566460925430","1566461002748","1566462146192"],"settings":{}},"password-content":{"type":"password-content","settings":{"logo":"shopify:\/\/shop_images\/logo-icon.png","logo_max_width":100,"header":"Coming Soon","bg_image":"shopify:\/\/shop_images\/soon-bg.jpg","countdown":"2021\/10\/26 12:00:00","newsletter_enable":true,"newsletter_desc":"<p>We are currently working on an awesome new site. Stay tuned for more information. Subscribe to our newsletter to stay updated on our progress.<\/p>","newsletter_placeholder":"Enter your Email Address","newsletter_button_text":"SUBSCRIBE","show_share_buttons":true,"social_message":"","copyright":""}},"contact-template":{"type":"contact-template","blocks":{"1566463180368":{"type":"item_banner","settings":{"off_block":false,"off_mobile":false,"off_desktop":false,"width_section":"container","width_content":true,"section_margin_top":"","section_margin_bottom":"","section_padding":"","section_bg":"","section_bg_op":0.5,"image":"shopify:\/\/shop_images\/contact-header-bg.jpg","html_content":"About us<span>Who we are<\/span>"}},"1566463228070":{"type":"item_i_and_q","settings":{"off_block":false,"off_mobile":false,"off_desktop":false,"width_section":"container","width_content":true,"section_margin_top":"5rem","section_margin_bottom":"","section_padding":"","section_bg":"","section_bg_op":0.5,"title_1":"Contact Information","html_desciption_1":"<p class=\"mb-3\">Vestibulum volutpat, lacus a ultrices sagittis, mi neque euismod dui, eu pulvinar nunc sapien ornare nisl. Phasellus pede arcu, dapibus eu, fermentum et, dapibus sed, urna.<\/p>","title_1_1":"The Office","address_1_1":"70 Washington Square South New York, NY 10012, United States","phone_1_1":"+92 423 567","email_1_1":"info@midas.com","title_1_2":"The Office","openning_1_2":"Monday-Saturday<br>11am-7pm ET","openning_1_22":"Sunday<br>11am-6pm ET","title_2":"The Office","html_desciption_2":"<p class=\"mb-2\">Use the form below to get in touch with the sales team<\/p>"}},"1566463252594":{"type":"item_our_stores","settings":{"off_block":false,"off_mobile":false,"off_desktop":false,"width_section":"container","width_content":true,"section_margin_top":"","section_margin_bottom":"","section_padding":"","section_bg":"","section_bg_op":0.5,"title":"Our Stores","store_image_1":"shopify:\/\/shop_images\/img-1_8f3f1a48-b9b7-408f-affe-541c5c723f86.jpg","store_name_1":"Wall Street Plaza","store_address_1":"88 Pine St, New York, NY 10005, USA","store_phone_1":"+1 987-876-6543","store_hours_1":"<h4 class=\"store-subtitle\">Store Hours:<\/h4><div>Monday - Saturday 11am to 7pm<\/div><div>Sunday 11am to 6pm<\/div>","store_map_1":"#","store_btnmap_1":"View Map","store_image_2":"shopify:\/\/shop_images\/img-2.jpg","store_name_2":"One New York Plaza","store_address_2":"88 Pine St, New York, NY 10005, USA","store_phone_2":"+1 987-876-6543","store_hours_2":"<h4 class=\"store-subtitle\">Store Hours:<\/h4><div>Monday - Friday 9am to 8pm<\/div>\n                        <div>Saturday - 9am to 2pm<\/div>\n                        <div>Sunday - Closed<\/div>","store_map_2":"#","store_btnmap_2":"View Map","store_image_3":"","store_name_3":"Wall Street Plaza","store_address_3":"88 Pine St, New York, NY 10005, USA","store_phone_3":"+1 987-876-6543","store_hours_3":"<h4 class=\"store-subtitle\">Store Hours:<\/h4><div>Monday - Saturday 11am to 7pm<\/div><div>Sunday 11am to 6pm<\/div>","store_map_3":"","store_btnmap_3":"View Map","store_image_4":"","store_name_4":"Wall Street Plaza","store_address_4":"88 Pine St, New York, NY 10005, USA","store_phone_4":"+1 987-876-6543","store_hours_4":"<h4 class=\"store-subtitle\">Store Hours:<\/h4><div>Monday - Saturday 11am to 7pm<\/div><div>Sunday 11am to 6pm<\/div>","store_map_4":"","store_btnmap_4":"View Map","store_image_5":"","store_name_5":"Wall Street Plaza","store_address_5":"88 Pine St, New York, NY 10005, USA","store_phone_5":"+1 987-876-6543","store_hours_5":"<h4 class=\"store-subtitle\">Store Hours:<\/h4><div>Monday - Saturday 11am to 7pm<\/div><div>Sunday 11am to 6pm<\/div>","store_map_5":"","store_btnmap_5":"View Map","store_image_6":"","store_name_6":"Wall Street Plaza","store_address_6":"88 Pine St, New York, NY 10005, USA","store_phone_6":"+1 987-876-6543","store_hours_6":"<h4 class=\"store-subtitle\">Store Hours:<\/h4><div>Monday - Saturday 11am to 7pm<\/div><div>Sunday 11am to 6pm<\/div>","store_map_6":"","store_btnmap_6":"View Map"}},"1566463347547":{"type":"item_map","settings":{"off_block":false,"off_mobile":false,"off_desktop":false,"width_section":"w-100","width_content":false,"section_margin_top":"5rem","section_margin_bottom":"","section_padding":"","section_bg":"","section_bg_op":0.5,"iframe":"<iframe src=\"https:\/\/www.google.com\/maps\/embed?pb=!1m14!1m8!1m3!1d24157.401117843983!2d-73.966489!3d40.813132!3m2!1i1024!2i768!4f13.1!3m3!1m2!1s0x0%3A0x577933f947e52750!2zxJDhuqFpIGjhu41jIENvbHVtYmlh!5e0!3m2!1svi!2sus!4v1565752574420!5m2!1svi!2sus\" width=\"100%\" height=\"450\" frameborder=\"0\" style=\"border:0\" allowfullscreen><\/iframe>"}}},"block_order":["1566463180368","1566463228070","1566463252594","1566463347547"],"settings":{}},"contact-template-2":{"type":"contact-template-2","blocks":{"1566463539079":{"type":"item_map","settings":{"off_block":false,"off_mobile":false,"off_desktop":false,"width_section":"w-100","width_content":false,"section_margin_top":"","section_margin_bottom":"","section_padding":"","section_bg":"","section_bg_op":0.5,"iframe":"<iframe src=\"https:\/\/www.google.com\/maps\/embed?pb=!1m14!1m8!1m3!1d24157.401117843983!2d-73.966489!3d40.813132!3m2!1i1024!2i768!4f13.1!3m3!1m2!1s0x0%3A0x577933f947e52750!2zxJDhuqFpIGjhu41jIENvbHVtYmlh!5e0!3m2!1svi!2sus!4v1565752574420!5m2!1svi!2sus\" width=\"100%\" height=\"450\" frameborder=\"0\" style=\"border:0\" allowfullscreen><\/iframe>"}},"1566463543309":{"type":"item_contact_boxs","settings":{"off_block":false,"off_mobile":false,"off_desktop":false,"width_section":"container","width_content":true,"section_margin_top":"5rem","section_margin_bottom":"","section_padding":"","section_bg":"","section_bg_op":0.5,"title_1":"Office","address_1":"1 New York Plaza, New York, <br>NY 10004, USA","title_2":"Start a Conversation","email_2":"info@midas.com","phone_2_1":"+1 987-876-6543","phone_2_2":"+1 987-976-1234","title_3":"Social"}},"1566463547064":{"type":"item_contact_form","settings":{"off_block":false,"off_mobile":false,"off_desktop":false,"width_section":"container","width_content":true,"section_margin_top":"","section_margin_bottom":"3rem","section_padding":"","section_bg":"","section_bg_op":0.5,"title_2":"Get In Touch","html_desciption_2":"<p class=\"lead text-primary\">We collaborate with ambitious brands and people; <br>we’d love to build something great together.<\/p><p class=\"mb-3\">Vestibulum volutpat, lacus a ultrices sagittis, mi neque euismod dui, eu pulvinar nunc sapien ornare nisl. Phasellus pede arcu, dapibus eu, fermentum et, dapibus sed, urna.<\/p>"}}},"block_order":["1566463539079","1566463543309","1566463547064"],"settings":{}},"faq-template":{"type":"faq-template","blocks":{"1566463858485":{"type":"item_1","settings":{"title":"Shipping Information"}},"1566463865899":{"type":"item","settings":{"title":"How will my parcel be delivered?","content":"Lorem ipsum dolor sit amet, consectetuer adipiscing elit. Donec odio. Quisque volutpat mattis eros. Nullam malesuada erat ut turpis. Suspendisse urna nibh, viverra non, semper suscipit, posuere a, pede. Donec nec justo eget felis facilisis fermentum. Aliquam porttitor mauris sit amet orci. Aenean dignissim pellentesque felis. Phasellus ultrices nulla quis nibh. Quisque a lectus. Donec consectetuer ligula vulputate sem tristique cursus. Nam nulla quam, gravida non, commodo a, sodales sit amet, nisi.","content_page":""}},"1566463911799":{"type":"item","settings":{"title":"Do I pay for delivery?","content":"Ipsum dolor sit amet, consectetuer adipiscing elit. Donec odio. Quisque volutpat mattis eros. Nullam malesuada erat ut turpis. Suspendisse urna nibh, viverra non, semper suscipit, posuere a, pede. Donec nec justo eget felis facilisis fermentum.Lorem ipsum dolor sit amet, consectetuer adipiscing elit. Donec odio. Quisque volutpat mattis eros.","content_page":""}},"1566463935351":{"type":"item","settings":{"title":"Will I be charged customs fees?","content":"Nullam malesuada erat ut turpis. Suspendisse urna nibh, viverra non, semper suscipit, posuere a, pede. Donec nec justo eget felis facilisis fermentum.Lorem ipsum dolor sit amet, consectetuer adipiscing elit. Donec odio. Quisque volutpat mattis eros. Lorem ipsum dolor sit amet, consectetuer adipiscing elit. Donec odio. Quisque volutpat mattis eros.","content_page":""}},"1566463970467":{"type":"item","settings":{"title":"My item has become faulty","content":"Nullam malesuada erat ut turpis. Suspendisse urna nibh, viverra non, semper suscipit, posuere a, pede. Donec nec justo eget felis facilisis fermentum.Lorem ipsum dolor sit amet, consectetuer adipiscing elit. Donec odio. Quisque volutpat mattis eros. Lorem ipsum dolor sit amet, consectetuer adipiscing elit. Donec odio. Quisque volutpat mattis eros.","content_page":""}},"1566463989692":{"type":"item_1","settings":{"title":"Orders and Returns"}},"1566463995127":{"type":"item","settings":{"title":"Tracking my order","content":"Lorem ipsum dolor sit amet, consectetuer adipiscing elit. Donec odio. Quisque volutpat mattis eros. Nullam malesuada erat ut turpis. Suspendisse urna nibh, viverra non, semper suscipit, posuere a, pede. Donec nec justo eget felis facilisis fermentum.","content_page":""}},"1566464019297":{"type":"item","settings":{"title":"I haven’t received my order","content":"Ipsum dolor sit amet, consectetuer adipiscing elit. Donec odio. Quisque volutpat mattis eros. Nullam malesuada erat ut turpis. Suspendisse urna nibh, viverra non, semper suscipit, posuere a, pede. Donec nec justo eget felis facilisis fermentum.Lorem ipsum dolor sit amet, consectetuer adipiscing elit. Donec odio. Quisque volutpat mattis eros.","content_page":""}},"1566464389514":{"type":"item","settings":{"title":"How can I return an item?","content":"Nullam malesuada erat ut turpis. Suspendisse urna nibh, viverra non, semper suscipit, posuere a, pede. Donec nec justo eget felis facilisis fermentum.Lorem ipsum dolor sit amet, consectetuer adipiscing elit. Donec odio. Quisque volutpat mattis eros. Lorem ipsum dolor sit amet, consectetuer adipiscing elit. Donec odio. Quisque volutpat mattis eros.","content_page":""}},"1566464414382":{"type":"item_1","settings":{"title":"Payments"}},"1566464418751":{"type":"item","settings":{"title":"What payment types can I use?","content":"Lorem ipsum dolor sit amet, consectetuer adipiscing elit. Donec odio. Quisque volutpat mattis eros. Nullam malesuada erat ut turpis. Suspendisse urna nibh, viverra non, semper suscipit, posuere a, pede. Donec nec justo eget felis facilisis fermentum.","content_page":""}},"1566464440424":{"type":"item","settings":{"title":"Can I pay by Gift Card?","content":"Ipsum dolor sit amet, consectetuer adipiscing elit. Donec odio. Quisque volutpat mattis eros. Nullam malesuada erat ut turpis. Suspendisse urna nibh, viverra non, semper suscipit, posuere a, pede. Donec nec justo eget felis facilisis fermentum.Lorem ipsum dolor sit amet, consectetuer adipiscing elit. Donec odio. Quisque volutpat mattis eros.","content_page":""}},"1566464460762":{"type":"item","settings":{"title":"I can't make a payment","content":"Nullam malesuada erat ut turpis. Suspendisse urna nibh, viverra non, semper suscipit, posuere a, pede. Donec nec justo eget felis facilisis fermentum.Lorem ipsum dolor sit amet, consectetuer adipiscing elit. Donec odio. Quisque volutpat mattis eros. Lorem ipsum dolor sit amet, consectetuer adipiscing elit. Donec odio. Quisque volutpat mattis eros.","content_page":""}},"1566464497261":{"type":"item","settings":{"title":"Has my payment gone through?","content":"Nullam malesuada erat ut turpis. Suspendisse urna nibh, viverra non, semper suscipit, posuere a, pede. Donec nec justo eget felis facilisis fermentum.Lorem ipsum dolor sit amet, consectetuer adipiscing elit. Donec odio. Quisque volutpat mattis eros. Lorem ipsum dolor sit amet, consectetuer adipiscing elit. Donec odio. Quisque volutpat mattis eros.","content_page":""}}},"block_order":["1566463858485","1566463865899","1566463911799","1566463935351","1566463970467","1566463989692","1566463995127","1566464019297","1566464389514","1566464414382","1566464418751","1566464440424","1566464460762","1566464497261"],"settings":{"width_section":"container","width_content":true,"section_margin_top":"5rem","section_margin_bottom":"","section_padding":"","section_bg":"","section_bg_op":0.5}},"md_call_to_action_faq_page":{"type":"md_call_to_action_faq_page","settings":{"title":"Call to Action","off_mobile":false,"off_desktop":false,"width_section":"w-100","width_content":true,"section_margin_top":"","section_margin_bottom":"","section_padding":"4rem 0","section_bg":"","section_bg_op":0.5,"image":"shopify:\/\/shop_images\/bg-7.jpg","title_section":"If You Have More Questions","stitle_section":"Quisque volutpat mattis eros","link_to":"","name_link":"CONTACT US <i class=\"fkt-long-arrow-right\"><\/i>"}},"account-template":{"type":"account-template","settings":{"width_section":"w-100","width_content":true,"section_margin_top":"","section_margin_bottom":"","section_padding":"3rem 0 6rem","section_bg":"","section_bg_op":0.5,"image":""}},"blog-template":{"type":"blog-template","blocks":{"1566524730954":{"type":"blog","settings":{"blog":"classic"}},"1566524742486":{"type":"blog","settings":{"blog":"news"}},"1566524752267":{"type":"sb_banner","settings":{"img":"shopify:\/\/shop_images\/banner.jpg","url":""}},"1566524777899":{"type":"sb_about","settings":{"html":"Vestibulum volutpat, lacus a ultrices sagittis, mi neque euismod dui, pulvinar nunc sapien ornare nisl."}}},"block_order":["1566524730954","1566524742486","1566524752267","1566524777899"],"settings":{"width_section":"container","width_content":false,"blog_show_author":true,"blog_show_date":true,"items_per_row":"1","search":true,"catt":true,"recent_posts":true,"tags":true,"blog_tags_":"Beauty,\n Cotton,\n Fashion,\n Style, \nWomen","show_share_buttons":true}},"blog-template-2":{"type":"blog-template-2","blocks":{"1566552992577":{"type":"blog","settings":{"blog":"classic"}},"1566552998993":{"type":"blog","settings":{"blog":"home-1"}},"1566553004030":{"type":"blog","settings":{"blog":"news"}}},"block_order":["1566552992577","1566552998993","1566553004030"],"settings":{"width_section":"container","width_content":false,"use_masonry":false,"blog_show_author":true,"blog_show_date":true,"items_per_row":"1","catt":true,"show_share_buttons":true}},"article-template-fullwidth":{"type":"article-template-fullwidth","settings":{"width_section":"w-100","width_content":true,"blog_show_author":true,"blog_show_date":true,"show_share_buttons":true,"recent_posts":true,"autoplay":false,"use_navigation":false,"nav_style":"-default","nav_mode":"default","nav_position":"nav-default","use_dots":false,"dots_mode":"default","dots_position":"inside","responsive":"{\n  \"0\": {\n    \"slidesPerView\": 1,\n    \"spaceBetween\": 0\n  },\n  \"320\": {\n    \"slidesPerView\": 2,\n    \"spaceBetween\": 10\n  },\n  \"768\": {\n    \"slidesPerView\": 2,\n    \"spaceBetween\": 20\n  },\n  \"992\": {\n    \"slidesPerView\": 3,\n    \"spaceBetween\": 20\n  },\n  \"1200\": {\n    \"slidesPerView\": 4,\n    \"spaceBetween\": 20\n  }\n}"}},"article-template-fullwitdh-sidebar":{"type":"article-template-fullwitdh-sidebar","settings":{"width_section":"container","width_content":false,"blog_show_author":true,"blog_show_date":true,"items_per_row":"1","autoplay":false,"use_navigation":false,"nav_style":"-default","nav_mode":"default","nav_position":"nav-default","use_dots":false,"dots_mode":"default","dots_position":"inside","responsive":"{\n  \"0\": {\n    \"slidesPerView\": 1,\n    \"spaceBetween\": 20\n  },\n  \"320\": {\n    \"slidesPerView\": 1,\n    \"spaceBetween\": 20\n  },\n  \"768\": {\n    \"slidesPerView\": 2,\n    \"spaceBetween\": 20\n  },\n  \"992\": {\n    \"slidesPerView\": 3,\n    \"spaceBetween\": 20\n  },\n  \"1200\": {\n    \"slidesPerView\": 3,\n    \"spaceBetween\": 20\n  }\n}","search":true,"catt":true,"recent_posts":true,"tags":true,"blog_tags_":"Beauty,\n Cotton,\n Fashion,\n Style, \nWomen","show_share_buttons":true}},"cart-template":{"type":"cart-template","settings":{"width_section":"container","width_content":false}},"1566403665924":{"type":"md_banner_template_1","blocks":{"1566532394619":{"type":"2","settings":{"turnoff":false,"title":"Banner type 2","image_1":"shopify:\/\/shop_images\/banner-1_166c7aab-1798-4a1a-9781-0eebce86384d.jpg","banner-effect-1":"","desc_1":"Clearence","color_desc_1":"#999999","titlex_1":"Coffee Tables","color_titlex_1":"#333333","stitle_1":"from $19.99","color_stitle_1":"#333333","name_btn_1":"SHOP NOW<i class=\"fkt-long-arrow-right\"><\/i>","style_btn_1":"btn-outline-gray","style_btn_rounded_1":"","btn_shadow_1":false,"image_2":"shopify:\/\/shop_images\/banner-2_19a566ef-3d3f-403e-baf1-2e0100d7d383.jpg","banner-effect-2":"","desc_2":"On Sale","color_desc_2":"#ffffff","titlex_2":"Kitchenware","color_titlex_2":"#ffffff","stitle_2":"from $39.00","color_stitle_2":"#ffffff","name_btn_2":"Discover Now<i class=\"fkt-long-arrow-right\"><\/i>","style_btn_2":"btn-underline","style_btn_rounded_2":"","btn_shadow_2":false,"image_3":"shopify:\/\/shop_images\/banner-3_994e8f4e-87cc-4172-bb1c-715bbaf43a37.jpg","banner-effect-3":"","desc_3":"Clearance","color_desc_3":"#999999","titlex_3":"Home Decor","color_titlex_3":"#222222","stitle_3":"up to 30% off","color_stitle_3":"#ffffff","name_btn_3":"Discover Now<i class=\"fkt-long-arrow-right\"><\/i>","style_btn_3":"btn-underline btn-underline-dark","style_btn_rounded_3":"","btn_shadow_3":false,"image_4":"shopify:\/\/shop_images\/banner-4_d2586afe-cc5e-4077-ab47-43d033645507.jpg","banner-effect-4":"","desc_4":"New Arrivals","color_desc_4":"#999999","titlex_4":"Collection<br>Chairs","color_titlex_4":"#333333","stitle_4":"from $39.00","color_stitle_4":"#333333","name_btn_4":"Shop Now<i class=\"fkt-long-arrow-right\"><\/i>","style_btn_4":"btn-underline btn-underline-dark","style_btn_rounded_4":"","btn_shadow_4":false}}},"block_order":["1566532394619"],"settings":{"title":"Banner template 1","off_mobile":false,"off_desktop":false,"width_section":"w-100","width_content":true,"section_margin_top":"6rem","section_margin_bottom":"","section_padding":"","section_bg":"#ffffff","section_bg_op":1,"preview":false}},"1566404133629":{"type":"md_icon_boxes","blocks":{"1566547298816":{"type":"item_icon_side","settings":{"icon_font":"fkt-rocket","title":"Free Shipping","content":"Orders $50 or more"}},"1566547302546":{"type":"item_icon_side","settings":{"icon_font":"fkt-rotate-left","title":"Free Returns","content":"Within 30 days"}},"1566547305340":{"type":"item_icon_side","settings":{"icon_font":"fkt-info-circle","title":"Get 20% Off 1 Item","content":"when you sign up"}},"1566547307469":{"type":"item_icon_side","settings":{"icon_font":"fkt-life-ring","title":"We Support","content":"24\/7 amazing services"}}},"block_order":["1566547298816","1566547302546","1566547305340","1566547307469"],"settings":{"title":"Icon Boxes","off_mobile":false,"off_desktop":false,"width_section":"w-100","width_content":true,"section_margin_top":"","section_margin_bottom":"","section_padding":"3rem 0","section_bg":"#fcf8e7","section_bg_op":1,"color_icon":"#333333","color_title":"#333333","color_desc":"#999999","title_font_weight":"400","use_slide":false,"responsive":"{\n  \"0\": {\n    \"slidesPerView\": 1,\n    \"spaceBetween\": 20\n  },\n  \"320\": {\n    \"slidesPerView\": 1,\n    \"spaceBetween\": 20\n  },\n  \"476\": {\n    \"slidesPerView\": 2,\n    \"spaceBetween\": 20\n  },\n  \"768\": {\n    \"slidesPerView\": 2,\n    \"spaceBetween\": 20\n  },\n  \"992\": {\n    \"slidesPerView\": 3,\n    \"spaceBetween\": 20\n  },\n  \"1200\": {\n    \"slidesPerView\": 4,\n    \"spaceBetween\": 20\n  }\n}"}},"1566437726874":{"type":"md_product_section_tab_slide","blocks":{"1566437735175":{"type":"item","settings":{"title":"","stitle":"","title_align":"text-center","margin_btitle":3,"products_1":"featured-h2-1","products_2":"on-sale-h2-1","products_3":"top-rated-h2-1","products_4":"","products_5":"","products_6":"","limit":8,"load_btn":false,"style_btn":"btn-outline-darker","style_btn_rounded":"","btn_shadow":false,"autoplay":false,"use_navigation":true,"nav_style":"-default","nav_mode":"default","nav_position":"nav-center-outside","use_dots":true,"dots_mode":"default","dots_position":"outside","responsive":"{\n  \"0\": {\n    \"slidesPerView\": 1,\n    \"spaceBetween\": 0\n  },\n  \"375\": {\n    \"slidesPerView\": 2,\n    \"spaceBetween\": 10\n  },\n  \"768\": {\n    \"slidesPerView\": 3,\n    \"spaceBetween\": 20\n  },\n  \"992\": {\n    \"slidesPerView\": 4,\n    \"spaceBetween\": 20\n  },\n  \"1200\": {\n    \"slidesPerView\": 5,\n    \"spaceBetween\": 20\n  },\n  \"1500\": {\n    \"slidesPerView\": 6,\n    \"spaceBetween\": 20\n  }\n}"}}},"block_order":["1566437735175"],"settings":{"off_mobile":false,"off_desktop":false,"title":"Products Tab(slide)","width_section":"container-fluid wide","width_content":false,"section_margin_top":"3.5rem","section_margin_bottom":"5rem","section_padding":"","section_bg":"","section_bg_op":0.5,"use_lazyload":true,"product_grid_layout":""}},"1566442643300":{"type":"md_call_to_action","blocks":{"1566547722361":{"type":"design_2","settings":{"title":"Get The Latest Deals","description":"and receive <span class=\"text-white\">$20 coupon<\/span> for first shopping","style_btn":"btn-primary","style_btn_rounded":"","btn_shadow":false,"btn_name_cta":"Subscribe<i class=\"fkt-long-arrow-right\"><\/i>"}}},"block_order":["1566547722361"],"settings":{"title":"Call to Action","off_mobile":false,"off_desktop":false,"width_section":"w-100","width_content":true,"section_margin_top":"","section_margin_bottom":"","section_padding":"4.5rem 0 4.5rem","section_bg":"","section_bg_op":1,"image":"shopify:\/\/shop_images\/parallax.jpg","use_round":false,"color_title":"#ffffff","color_desc":"#cccccc","color_text_input":"#999999","color_border_input":"#dadada","color_placeholder":"#999999","color_bg_input":"#ffffff","preview":false}},"1566443930152":{"type":"md_blog","disabled":true,"blocks":{"1566547261551":{"type":"1","settings":{"title_section":"From Our Blog","stitle_section":"","reverse":false,"title_align":"text-center","margin_btitle":2,"blog":"home-1","use_short_desc":false,"limit_per_row":3,"load_btn":false,"style_btn":"btn-outline-darker","style_btn_rounded":"","btn_shadow":false}}},"block_order":["1566547261551"],"settings":{"title":"Related post","off_mobile":false,"off_desktop":false,"width_section":"container","width_content":true,"section_margin_top":"","section_margin_bottom":"2rem","section_padding":"","section_bg":"","section_bg_op":0.5,"fweight_title":"600","fsize_stitle":1.8,"color_title":"#333333","margin_btitle":0.8,"fweight_description":"300","fsize_description":1.4,"color_desc":"#999999","margin_bdescription":0.8,"use_lazyload":false}},"1566371829835":{"type":"kt_slideshow","blocks":{"1566373570019-1":{"type":"image","settings":{"image":"shopify:\/\/shop_images\/img_bg-001.jpg","lazypreload":true,"heading":"Deals and Promotions","font_heading":"poppins_n3","subheading":"Wooden<br>\nSideboard Table","font_subheading":"poppins_n4","description":"","font_description":"poppins_n4","text_alignment_top":50,"text_alignment_left":0,"text_alignment":"","text_alignment_top_mb":50,"text_alignment_left_mb":0,"text_alignment_mb":"","style_btn_1":"btn-outline-gray","style_btn_rounded_1":"","btn_shadow_1":false,"link_1":"#","textBtn_1":"<span>SHOP NOW<\/span><i class=\"fkt-long-arrow-right\"><\/i>","style_btn_2":"btn-outline-primary-2","style_btn_rounded_2":"","btn_shadow_2":false,"textBtn_2":"","turnoff":false,"title":"Item image","width_section":true,"css_block":""}},"1566373570019-2":{"type":"image","settings":{"image":"shopify:\/\/shop_images\/slide-2_5a8a7a52-117c-42dd-95c8-c55690ceda60.jpg","lazypreload":false,"heading":"Bedroom Furniture","font_heading":"poppins_n3","subheading":"Find Comfort<br>\nThat Suits You.","font_subheading":"poppins_n4","description":"","font_description":"poppins_n4","text_alignment_top":50,"text_alignment_left":100,"text_alignment":"","text_alignment_top_mb":50,"text_alignment_left_mb":100,"text_alignment_mb":"","style_btn_1":"btn-outline-gray","style_btn_rounded_1":"","btn_shadow_1":false,"link_1":"#","textBtn_1":"<span>SHOP NOW<\/span><i class=\"fkt-long-arrow-right\"><\/i>","style_btn_2":"btn-outline-primary-2","style_btn_rounded_2":"","btn_shadow_2":false,"textBtn_2":"","turnoff":false,"title":"Item image","width_section":true,"css_block":""}},"1566373570019-3":{"type":"image","settings":{"image":"shopify:\/\/shop_images\/img_bg-003.jpg","lazypreload":false,"heading":"Baskets &amp; Storage","font_heading":"poppins_n3","subheading":"Laundry Baskets<br>\n<span class=\"text-primary\">                                    <sup class=\"font-weight-light\" style=\"color:#222\">from <\/sup><sup>$<\/sup>9,99                                <\/span>","font_subheading":"poppins_n4","description":"","font_description":"poppins_n4","text_alignment_top":50,"text_alignment_left":0,"text_alignment":"","text_alignment_top_mb":50,"text_alignment_left_mb":0,"text_alignment_mb":"","style_btn_1":"btn-outline-gray","style_btn_rounded_1":"","btn_shadow_1":false,"link_1":"#","textBtn_1":"<span>SHOP NOW<\/span><i class=\"fkt-long-arrow-right\"><\/i>","style_btn_2":"btn-outline-white","style_btn_rounded_2":"","btn_shadow_2":false,"textBtn_2":"","turnoff":false,"title":"Item image","width_section":true,"css_block":""}}},"block_order":["1566373570019-1","1566373570019-2","1566373570019-3"],"settings":{"title":"Slideshow","off_mobile":false,"off_desktop":false,"width_section":"w-100","width_content":false,"section_margin_top":"","section_margin_bottom":"","section_padding":"","section_bg":"#ffffff","section_bg_op":1,"no_overflow":false,"fullscreen":false,"autoplay":false,"use_navigation":false,"nav_style":"-default","nav_mode":"white","nav_position":"nav-default","use_dots":true,"dots_mode":"white","use_scrollbar":false,"h_reponsive":"360","h_reponsive_768":"441","h_reponsive_992":"352","h_reponsive_1200":"500","h_reponsive_1400":"","autoplay_speed":7,"responsive":"{\n  \"0\": {\n    \"slidesPerView\": 1,\n    \"spaceBetween\": 10\n  },\n  \"320\": {\n    \"slidesPerView\": 1,\n    \"spaceBetween\": 10\n  },\n  \"768\": {\n    \"slidesPerView\": 1,\n    \"spaceBetween\": 10\n  },\n  \"992\": {\n    \"slidesPerView\": 1,\n    \"spaceBetween\": 10\n  },\n  \"1200\": {\n    \"slidesPerView\": 1,\n    \"spaceBetween\": 10\n  }\n}","content_type":"type-1","css_section":".section_id .slideshow__title{\n  font-family: Jost !important;\n  color: #999;\n  font-size: 1.4rem;\n  letter-spacing: -.01em;\n  margin-bottom: .5rem;\n}\n.section_id .slideshow__subtitle{\n  font-family: Jost !important;\n  color: #222;\n  font-size: 3rem;\n  line-height: 1.2;\n  letter-spacing: -.03em;\n  margin-bottom: 1.2rem;\n}\n.section_id .slideshow__description{\n  font-family: Jost !important;\n  color: #fff;\n  margin-bottom: 0;\n  clear: both;\n  font-size: 1.4rem;\n  line-height: 2.4rem;\n}\n.section_id .slideshow__subtitle sup {\n  vertical-align: top;\n  font-size: 1.3rem;\n  top: 1em;\n  margin-right: 0;\n  letter-spacing: -.01em;\n}\n@media (min-width: 576px){\n  .section_id .slideshow__title{\n    font-size: 1.6rem;\n  }\n  .section_id .slideshow__subtitle{\n    font-size: 3.6rem;\n    margin-bottom: 1.3rem;\n  }\n}\n@media (min-width: 768px){\n  .section_id .slideshow__title{\n    font-size: 1.6rem;\n  }\n  .section_id .slideshow__subtitle{\n    font-size: 4.2rem;\n    margin-bottom: 1.7rem;\n  }\n  .section_id .slideshow__subtitle sup {\n    font-size: 1.6rem;\n  }\n  .section_id .slideshow__description{\n    line-height: 3.6rem;\n    font-size: 2.4rem;\n    letter-spacing: 0.05em;\n  }\n}\n@media (min-width: 992px){\n  .section_id .slideshow__subtitle sup {\n    font-size: 1.8rem;\n  }\n}\n@media (min-width: 1200px){\n  .section_id .slideshow__title{\n    font-size: 1.6rem;\n  }\n  .section_id .slideshow__subtitle{\n    font-size: 6.6rem;\n  }\n  .section_id .slideshow__subtitle sup {\n    font-size: 2rem;\n  }\n}"}},"1566375748123":{"type":"md_brand","blocks":{"1566375770693":{"type":"item","settings":{"image":"shopify:\/\/shop_images\/logo-2.png","brand_call_to_action":"\/"}},"1566375778375":{"type":"item","settings":{"image":"shopify:\/\/shop_images\/logo-4.png","brand_call_to_action":"\/"}},"1566375785672":{"type":"item","settings":{"image":"shopify:\/\/shop_images\/logo-3.png","brand_call_to_action":"\/"}},"1566375792262":{"type":"item","settings":{"image":"shopify:\/\/shop_images\/logo-8.png","brand_call_to_action":"\/"}},"1566375798087":{"type":"item","settings":{"image":"shopify:\/\/shop_images\/logo98.png","brand_call_to_action":"\/"}},"1566375854429":{"type":"item","settings":{"image":"shopify:\/\/shop_images\/logo-1.png","brand_call_to_action":"\/"}},"1566375861746":{"type":"item","settings":{"image":"shopify:\/\/shop_images\/logo-6.png","brand_call_to_action":"\/"}},"1566375867631":{"type":"item","settings":{"image":"shopify:\/\/shop_images\/logo.png","brand_call_to_action":"\/"}},"1566375873048":{"type":"item","settings":{"image":"shopify:\/\/shop_images\/logo-5.png","brand_call_to_action":"\/"}},"1566375877804":{"type":"item","settings":{"image":"shopify:\/\/shop_images\/logo-7.png","brand_call_to_action":"\/"}}},"block_order":["1566375770693","1566375778375","1566375785672","1566375792262","1566375798087","1566375854429","1566375861746","1566375867631","1566375873048","1566375877804"],"settings":{"title":"Brand","off_section":false,"off_mobile":false,"off_desktop":false,"width_section":"w-100","width_content":false,"section_margin_top":"","section_margin_bottom":"","section_padding":"","section_bg":"#ffffff","section_bg_op":1,"brand_style":"default","autoplay":false,"use_navigation":true,"nav_style":"1","nav_mode":"default","nav_position":"nav-default","use_dots":false,"dots_mode":"default","dots_position":"outside","responsive":"{\n  \"0\": {\n    \"slidesPerView\": 2,\n    \"spaceBetween\": 0\n  },\n  \"480\": {\n    \"slidesPerView\": 3,\n    \"spaceBetween\": 0\n  },\n  \"768\": {\n    \"slidesPerView\": 4,\n    \"spaceBetween\": 0\n  },\n  \"992\": {\n    \"slidesPerView\": 5,\n    \"spaceBetween\": 0\n  },\n  \"1200\": {\n    \"slidesPerView\": 7,\n    \"spaceBetween\": 0\n  }\n}"}},"1566535149884":{"type":"md_countdown_section_with_banner_1","blocks":{"1566535149884-0":{"type":"product","settings":{"title":"Product countdown","titlex":"<p>Limited Quantities<\/p>","stitle":"<p>Deal of the Day<\/p>","product":"armchair-orrsta-golden","name_btn":"Shop Now<i class=\"fkt-long-arrow-right\"><\/i>","image":"shopify:\/\/shop_images\/abimg-1.jpg"}},"1566535149884-1":{"type":"image","settings":{"title":"Banner nearby","banner-effect":"","image":"shopify:\/\/shop_images\/banner-5_f26a428e-4506-4598-9f97-3046f4dafd60.jpg","desc":"<span style=\"color: #fff\">The Best Choice<\/span>","titlex":"<span style=\"color: #fff\">Indigo<br>bed linen<\/span>","stitle":"<span style=\"color: #fff\">$49.99<\/span>","name_btn":"Shop Now<i class=\"fkt-long-arrow-right\"><\/i>","style_btn":"btn-underline","style_btn_rounded":"","btn_shadow":false}}},"block_order":["1566535149884-0","1566535149884-1"],"settings":{"off_mobile":false,"off_desktop":false,"title":"Countdown and banner","width_section":"w-100","width_content":true,"section_margin_top":"","section_margin_bottom":"","section_padding":"5rem 0","section_bg":"#f8f8f8","section_bg_op":1,"parallax_speed":0.2}},"1566535719773":{"type":"md_product_section_tab_load","blocks":{"1566535734515":{"type":"item","settings":{"title":"Top Selling Products","stitle":"","title_align":"text-center","t_tranform":"text-uppercase","fsize_name_tab":1.4,"margin_btitles":1.5,"margin_btitle":2.8,"products_1":"all-h2-2","products_2":"furniture-h2-2","products_3":"decoration-h2-2","products_4":"lighting-h2-1","products_5":"","products_6":"","limit_per_row":5,"limit":10,"range_row":2,"load_btn":false,"name_btn":"<span>VIEW MORE<\/span><i class=\"fkt-long-arrow-right\" aria-hidden=\"true\"><\/i>","style_btn":"btn-outline-darker","style_btn_rounded":"","btn_shadow":false}}},"block_order":["1566535734515"],"settings":{"off_mobile":false,"off_desktop":false,"title":"Products Tab","width_section":"container","width_content":false,"section_margin_top":"5rem","section_margin_bottom":"","section_padding":"","section_bg":"","section_bg_op":0.5,"use_lazyload":true,"product_grid_layout":"","use_nospace":false}},"1566545600428":{"type":"kt_HTML","settings":{"title":"Section Customize","off_mobile":false,"off_desktop":false,"width_section":"container","width_content":false,"section_margin_top":"3rem","section_margin_bottom":"5rem","section_padding":"","section_bg":"","section_bg_op":0.5,"border_top":true,"border_bottom":false,"border_color":"#ebebeb","text":"","page":""}},"1570076389571":{"type":"md_blog","blocks":{"1570076412519":{"type":"title","settings":{"title_section":"From Our Blog","stitle_section":"","reverse":false,"title_align":"text-center","name_link":"","style_link":"","margin_btitle":3}},"1570076431151":{"type":"6","settings":{"blog":"home-1","limit":3,"content_align":"text-center","margin_btitle":3,"use_date":true,"use_content":false,"use_readmore":true,"use_bg":false,"use_shadow":false,"limit_per_row":3,"use_slide":true,"autoplay":false,"use_navigation":false,"nav_style":"-default","nav_mode":"default","nav_position":"nav-default","use_dots":true,"dots_mode":"default","dots_position":"outside","responsive":"{\n  \"0\": {\n    \"slidesPerView\": 1,\n    \"spaceBetween\": 20\n  },\n  \"320\": {\n    \"slidesPerView\": 1,\n    \"spaceBetween\": 20\n  },\n  \"768\": {\n    \"slidesPerView\": 2,\n    \"spaceBetween\": 20\n  },\n  \"992\": {\n    \"slidesPerView\": 3,\n    \"spaceBetween\": 20\n  },\n  \"1200\": {\n    \"slidesPerView\": 3,\n    \"spaceBetween\": 20\n  }\n}","load_btn":true,"style_btn":"btn-underline btn-underline-dark","style_btn_rounded":"","btn_shadow":false}}},"block_order":["1570076412519","1570076431151"],"settings":{"title":"Related post","off_mobile":false,"off_desktop":false,"width_section":"container","width_content":true,"section_margin_top":"","section_margin_bottom":"2rem","section_padding":"","section_bg":"","section_bg_op":0.5,"fweight_title":"600","fsize_stitle":1.8,"color_title":"#333333","margin_btitle":0.8,"fweight_description":"300","fsize_description":1.4,"color_desc":"#999999","margin_bdescription":0.8,"use_lazyload":true}},"newsletter-popup":{"type":"newsletter-popup","settings":{"use_banner":true,"popup_newsletter_banner":"shopify:\/\/shop_images\/newsletter-popup.jpg","popup_newsletter_logo":"shopify:\/\/shop_images\/logo_932b581d-cded-4796-a2ff-203e198862bf.png","popup_newsletter_title":"GET <span class=\"text-primary\">25<span style=\"font-weight: 400;\">%<\/span><\/span> OFF","popup_newsletter_description":"<p>Subscribe to the Molla eCommerce newsletter to<br\/> receive timely updates from your favorite products.<\/p>","time_popup_delay":"10","scroll_popup_delay":"800"}},"1577717231085":{"type":"kt_HTML","disabled":true,"settings":{"title":"Section Customize","off_mobile":false,"off_desktop":false,"width_section":"container","width_content":false,"section_margin_top":"","section_margin_bottom":"","section_padding":"","section_bg":"","section_bg_op":0.5,"border_top":true,"border_bottom":false,"border_color":"#ebebeb","text":"","page":""}}},"content_for_index":["1566371829835","1566375748123","1566403665924","1566437726874","1566535149884","1566535719773","1566545600428","1570076389571","1566443930152","1577717231085","1566404133629","1566442643300"]}}