{"current":{"apple_touch_icon":"shopify:\/\/shop_images\/apple-touch-icon.png","favicon":"shopify:\/\/shop_images\/favicon-32x32.png","favicon_print":"safari-pinned-tab.svg","body_logo_svg_code":"","body_logo_svg":"","logo":"shopify:\/\/shop_images\/logo_7863c778-e5c8-4ad1-806f-e00ec5f8048d.png","logo_max_width":120,"body_logo_mobile_svg":"","logo_mobile":"","import_footer":"02","dir_body":"ltr","use_header_mobile_logo_center":true,"use_header_mobile_search_box":true,"use_mobile_bottom_bar":true,"use_wrap_container":false,"use_sidebar":false,"use_sidebar_r":false,"width_sidebar_layout":"container","phone_contact":"+0123 456 789","email_contact":"info@demo.com","use_countdown_timezone":false,"timezone":"Etc\/GMT-4","aspect_ratio_default":"1\/1","aspect_ratio":"","use_wishlist":"local","use_compare":true,"use_quickview":true,"use_scroll_name_tabs":false,"popup_cookies":true,"popup_ageVer":false,"popup_ageVer_bg":"","review_app":"shopifyreview","zero_review":true,"mapIframe":"<iframe src=\"https:\/\/www.google.com\/maps\/embed?pb=!1m18!1m12!1m3!1d7062.289680675729!2d144.81240662484888!3d-37.74698974260446!2m3!1f0!2f0!3f0!3m2!1i1024!2i768!4f13.1!3m3!1m2!1s0x6ad65fa6dec24bad%3A0x6dc7abb8163efdc5!2s184+Main+Rd+E%2C+St+Albans+VIC+3021%2C+Australia!5e0!3m2!1sen!2sus!4v1440345347207\" width=\"800\" height=\"300\" frameborder=\"0\" style=\"border:0\" allowfullscreen=\"\"><\/iframe>","trust_image_":"","accessToken_instagram":"IGQVJYZAjVzQmUxVEs1VTZAkRGdxN1E5QkxYa3Q2eVBTYVgtV2V0UFpDRTFsM3lzUHp5bjdHa0dFS25YUG1hNmR0U1phcHVFdTNBTG9TakJqWXFQalZAxMFJtV0ZAXc0p5S0RadEVpM3dXWlV0RVFsVjViagZDZD","byTag_instagram":"molla23","limit_instagram":"9","newsletter_popup":false,"newsletter_popup_hide_mobile":true,"newsletter_layout":"1","use_omnisend":false,"omnisend_api":"","use_klaviyo":false,"klaviyo_list_id":"","use_mailchimp":false,"newsletter_mailchimp_url":"","use_mailchimp_ajax":true,"popup_newsletter_coupon_code":"HOOLI25%OFF","home_page_keywords":"","disable_right_click":false,"ajax_cart":false,"ajax_cart_page":true,"sticky_icon_cart":false,"cart_notes_enable":true,"shipping_calculator":true,"use_gift_wrapping":true,"gift_wrap_product":"gift-wrapping","use_gift_message":true,"type_ajax_cart":"drawer","terms_conditions":true,"terms_and_privacy_conditions":"<p>I accept the <a href=\"\/pages\/terms-privacy-policy\">Terms \/ Privacy Policy.<\/a><\/p>","terms_and_privacy_conditions_noti":"<p>You must agree with the <strong>terms and conditions<\/strong> of sales to check out.<\/p>","use_d_c_b_cart_drop":false,"use_threshold_in_drop":false,"edit_it_cart_drawer":true,"gift_wrap_cart_drawer":true,"coupon_code_cart_drawer":true,"shipping_calculator_cart_drawer":true,"note_cart_drawer":true,"use_threshold_in_drawer":true,"text_above_cart_drawer":"Taxes calculated at checkout","use_d_c_b_cart_drawer":false,"cart_notes_popup_enable":true,"use_threshold_in_popup":true,"text_above_cart_popup":"Taxes and Shipping calculated at checkout","use_d_c_b_cart_popup":false,"trust_image_popup":"shopify:\/\/shop_images\/trust_image_logo.png","cart_products_popup_enable":false,"color_body_text":"#222222","color_body_bg":"#fafafa","color_wrap_bg":"#ffffff","image_body_bg":"","color_primary":"#61ab00","color_pt_bground":"#f2f2f2","color_text_announcement":"#fff","color_text_announcement_hv":"#fff","color_announcement_bg":"#87bcc8","announcement_color_bg_op":1,"color_text_headert":"#999999","color_text_headert_hv":"#61ab00","color_headt_bg":"#ffffff","color_headt_bg_op":1,"color_icon_header":"#222222","color_text_header":"#222222","color_text_header_hv":"#61ab00","color_head_bg":"#ffffff","color_head_bg_op":1,"color_text_headerb":"#222222","color_text_headerb_hv":"#61ab00","color_headb_bg":"#ffffff","color_headb_bg_op":0,"color_text_vertical":"#555555","color_text_vertical_hv":"#555","color_vertical_bg":"#fff","color_pr_price":"#222222","color_pr_price_sale":"#ef837b","color_prvs_price":"#ef837b","color_pr_onsale":"#ef837b","color_pr_onnew":"#a6c76c","color_pr_onsoldout":"#cccccc","color_prouct_page_bg":"#f2f2f2","color_text_footer":"#999999","color_title_footer":"#ffffff","footer_background_color":"#222222","border_color_footer":"#444444","pick_color":"#cc9966","btn_primary_color":"#ffffff","btn_primary_color_bg":"#61ab00","btn_primary_border":"#61ab00","btn_primary_color_hv":"#222","btn_primary_color_bg_hv":"#fcb941","btn_primary_border_hv":"#fcb941","btn_outline_primary_color":"#222","btn_outline_primary_border":"#fcb941","share_facebook":true,"share_twitter":true,"share_pinterest":true,"share_tumblr":true,"title_social":"Social Media","social_twitter_link":"#","social_facebook_link":"#","social_googleplus_link":"#","social_pinterest_link":"","social_instagram_link":"#","social_vk_link":"","social_linkedin_link":"","social_tumblr_link":"","social_snapchat_link":"","social_youtube_link":"#","social_vimeo_link":"","coll_width_section":"container","coll_width_content":true,"sort_enable":true,"list_categories_enable":true,"list_categories_linklist":"jewelry-categories","coll_masonry":false,"coll_gridlist_enable":true,"coll_breadcrumb_enable":true,"coll_shop_layout":"","coll_sidebar_layout":"","coll_list_enable":false,"coll_grid":"5","coll_layout":"infinity","coll_limit":16,"coll_grid_layout":"","use_flts":true,"multi_flts_or":false,"filter_price_list":"$7-$50, $50-$150, $150-$500","use_first_avai_img":false,"img_type":"nonstretch","use_second_img":true,"product_grid_layout":"28","label_style":"2","pr_grid_talg":"","price_varies_style":"1","use_sale_label":true,"use_new_label":false,"new_day":"30","use_review_grid":true,"use_vendor_grid":true,"use_countdown_grid":true,"countdown_grid_style":"05","use_add_to_cart_btn":true,"qs_show_vars_list":true,"qs_use_name_opt":false,"qs_show_first_opt":true,"qs_hide_only_1_opt":true,"qs_hide_on_mobile":true,"qs_swatch_style":"color","qs_op_swatch1":"Color","qs_is_use1":true,"qs_option_style_1":"circle _small","qs_op_swatch2":"Size","qs_is_use2":false,"qs_option_style_2":"square _small","qs_op_swatch3":"Material","qs_is_use3":false,"qs_option_style_3":"list list_1","qs_op_swatch4":"Model","qs_is_use4":true,"qs_option_style_4":"square","qs_op_swatch5":"","qs_is_use5":false,"qs_option_style_5":"list list_1","product_width_section":"container","product_width_content":true,"max_width_photo":100,"use_thumb":true,"use_thumb_vertical":true,"max_width_vertical_thumbnail":21,"use_thumb_hidden_on_mb":false,"use_maxheight":false,"img_type_prd_single":"normal","gallery":true,"use_zoom":true,"use_wide":true,"use_ask":true,"show_vendor":true,"show_sku":true,"show_shortdes":true,"show_categories":true,"show_quantity_selector":true,"use_delivery_time":true,"show_share_buttons":true,"trust_image_prdsingle":false,"atc_btn":"btn-primary","atc_btn_rounded":"btn-rounded","atc_btn_shadow":true,"atc_btn_big":true,"atc_btn_ani":true,"size_guide":"size-chart","shipping":"shipping-returns-tab","use_name_opt":true,"swatch_style":"image_variant","op_swatch1":"Color","is_use1":true,"option_style_1":"not_select square","op1_size":40,"op1_attach":false,"op1_pre_select":false,"op_swatch2":"Size","is_use2":false,"option_style_2":"combobox","op2_size":25,"op2_attach":true,"op2_pre_select":false,"op_swatch3":"Style","is_use3":false,"option_style_3":"combobox with_out_variant_image","op3_size":20,"op3_attach":false,"op3_pre_select":false,"op_swatch4":"Model","is_use4":false,"option_style_4":"combobox with_out_variant_image","op4_size":20,"op4_pre_select":false,"op4_attach":false,"op_swatch5":"","is_use5":false,"option_style_5":"not_select circle","op5_size":20,"op5_attach":false,"op5_pre_select":false,"show_sticky_add":false,"show_sticky_add_mobile":false,"sticky_position":"bottom","sticky_style":"light","show_sticky_img":false,"show_sticky_quantiny":true,"qv_use_thumb":true,"qv_use_thumb_vertical":true,"qv_show_shortdes":false,"use_search":true,"use_search_ajax":true,"use_search_by_collection":true,"search_type_page":false,"search_type_article":false,"limit_search":15,"blog_layout":"05","blog_pagination":9,"article_layout":"01","modal_login":true,"terms_conditions_register":false,"terms_and_privacy_conditions_register":"<p>I accept the <a href=\"\/pages\/terms-privacy-policy\">Terms \/ Privacy Policy.<\/a><\/p>","terms_and_privacy_conditions_noti_register":"<p>You must agree with the <strong>terms and conditions<\/strong> of sales to check out.<\/p>","font_base_family_shopify":"poppins_n4","fsize_body":62.5,"fsize_body_mb":62.5,"link_google_f":"","font_main_header_family":"poppins_n6","ttranf_main_header":"uppercase","fsize_header_lv1":1.5,"fsize_section_title":2,"fweight_section_title":"700","fsize_section_stitle":1.6,"ffmaily_section_stitle":"poppins_n4","fstyle_section_stitle":"normal","fsize_psingle_title":2.4,"ttranf_psingle_title":"capitalize","fweight_psingle_title":"400","fstyle_psingle_stitle":"normal","fsize_psingle_price":2.4,"show_multiple_currencies":true,"currency_options":"shopify","use_auto_currencies":false,"currency_format":"money_format","supported_currencies":"INR GBP CAD USD AUD EUR JPY","show_real_time_visitor":false,"real_time_max":100,"real_interval_time":20,"bg_count":"#a6c76c","enable_delivery_option":true,"delivery_from_date":10,"delivery_to_date":19,"delivery_off_saturday":true,"delivery_off_sunday":true,"delivery_off_days":"23\/12\/****|24\/12\/****|01\/01\/****|02\/11\/2019","delivery_format_date":"dddd MM\/DD\/YYYY","enable_suggest_products":false,"collection_suggest":"","display_index":true,"display_product":true,"display_collection":false,"display_article":false,"display_blog":false,"display_cart":false,"display_page":false,"delay_time":"15000","show_time":"7000","use_suggest":true,"use_fake_location":true,"fake_location":"Melbourne, Australia | Washington | Nevada","show_close_suggest":true,"stock_countdown":true,"time_countdown":"","total_items_hours":4,"total_items_minutes":59,"total_items_seconds":60,"use_progress_bar_out_of_stock":true,"total_items":50,"stock_from":12,"stock_to":20,"stock_message":"Hurry! Only #stock_number left in stock.","stock_bg_process":"#ff9800","stock_bg":"#fff3e0","use_threshold_in_page":true,"free_shipping_above":"2000.99","free_shipping_above_prd":"2-seater","countdown_cart":true,"countdown_cart_minutes":4,"countdown_cart_text":"<i class=\"fkt-lg fkt-info-circle mr-1\"><\/i>Someone has placed an order on one of the items you have in the cart. We'll keep it for you for <strong id=\"timer_count\">0:00<\/strong> minutes.","custom_html_head":"","show_custom_css":true,"custom_css":"html{\npadding-bottom: 0!important;\n}\nul.menu-vertical li:nth-child(n+12) {\ndisplay: none;\n}\nheader {\nbox-shadow: 0 2px 10px rgba(0, 0, 0, .05);\nz-index: 3;\n}\n.cta.design_7 {\nborder-bottom: 1px solid #444;\n}\n.cta.design_7 .form-control {\nborder-radius: 3px;\n}\nbutton.single_add_to_cart_button,\nbutton.single_add_to_cart_button i{\nfont-weight: 600;\n}\nbutton.single_add_to_cart_button i{\nmargin-top: -.2rem;\n}\n@media (min-width: 320px) and (max-width: 575px){\n.grid-item.col-xs-6 {\n-ms-flex: 0 0 100%;\nflex: 0 0 100%;\nmax-width: 100%;\n}\n}\n@media (min-width: 576px) and (max-width: 767px){\n.grid-item.col-sm-4 {\n-ms-flex: 0 0 50%;\nflex: 0 0 50%;\nmax-width: 50%;\n}\n}\n#preview-bar-iframe{\ndisplay: none;\n}\n.shop-top {\nposition: static;\n}\n.swiper-slide {\nheight: auto;\n}\n@media (min-width: 1430px){\n:root {\n    --max-container: 1400px;\n}\n}","xs_custom_css":"","sm_custom_css":"","md_custom_css":"","lg_custom_css":"","xl_custom_css":".header.style-08 .header-bottom .header-control {\n    -ms-flex: 0 0 20%;\n    flex: 0 0 20%;\n    max-width: 20%;\n}\n.header.style-08 .header-logo.order-1, .header.style-08 .header-control.order-3 {\n    -ms-flex: 0 0 20%;\n    flex: 0 0 20%;\n    max-width: 20%;\n}\n.header.style-08 .header-control.order-lg-2 {\n    -ms-flex: 0 0 60%;\n    flex: 0 0 60%;\n    max-width: 60%;\n}\n.cta.design_7 .col-lg-4 {\n-ms-flex: 0 0 33.333333%;\nflex: 0 0 33.333333%;\nmax-width: 33.333333%;\nmargin-left: 8.333333%;\n}\n.cta.design_7 .col-xl-7 {\n-ms-flex: 0 0 50%;\nflex: 0 0 50%;\nmax-width: 50%;\n}","breakpoints":"0, 576px, 768px, 992px, 1200px, 1230px, 1430px","max_width":"0, 540px, 720px, 960px, 1140px, 1200px, 1400px","business_use_jsonld":true,"business_type_jsonld":"ClothingStore","business_logo_jsonld":"","business_image_jsonld":"","business_phone_jsonld":"","business_openinghours_jsonld":"","business_sameas_jsonld":"","business_hasmap_jsonld":"","business_pricerange_jsonld":"","business_brand_jsonld":"","business_saddress_jsonld":"","business_caddress_jsonld":"","business_paddress_jsonld":"","business_zaddress_jsonld":"","business_coaddress_jsonld":"","use_app":true,"name_app":"","names_app":"","favicon_app":"","favicon_xml":"shopify:\/\/shop_images\/mstile-150x150.png","checkout_header_image":"","checkout_logo_image":"","checkout_logo_position":"left","checkout_logo_size":"medium","checkout_body_background_image":"","checkout_body_background_color":"#fff","checkout_input_background_color_mode":"white","checkout_sidebar_background_image":"","checkout_sidebar_background_color":"#fafafa","checkout_heading_font":"-apple-system, BlinkMacSystemFont, 'Segoe UI', Roboto, Helvetica, Arial, sans-serif, 'Apple Color Emoji', 'Segoe UI Emoji', 'Segoe UI Symbol'","checkout_body_font":"-apple-system, BlinkMacSystemFont, 'Segoe UI', Roboto, Helvetica, Arial, sans-serif, 'Apple Color Emoji', 'Segoe UI Emoji', 'Segoe UI Symbol'","checkout_accent_color":"#197bbd","checkout_button_color":"#197bbd","checkout_error_color":"#e32c2b","import_header":"08","default_currency":"USD","sections":{"header-08":{"type":"header-08","blocks":{"1566368019155":{"type":"promo","settings":{"name_item":"Home","icon_font":"","button_link":"\/","label":"","menu_links_width":"1400px","sub_width":8,"menu_links":"","menu_links_per_col":"1","promo_width":12,"use_promo_html":true,"page_promo_html":"home-demo","textarea_promo_html":""}},"1566368918749":{"type":"promo","settings":{"name_item":"Shop","icon_font":"","label":"","menu_links_width":"970px","sub_width":9,"menu_links":"shop","menu_links_per_col":"3","promo_width":3,"promo_image":"shopify:\/\/shop_images\/banner-1.1.jpg","promo_link":"#","use_promo_html":false,"page_promo_html":"","textarea_promo_html":""}},"1566370135707":{"type":"promo","settings":{"name_item":"Product","icon_font":"","button_link":"shopify:\/\/collections\/all","label":"","menu_links_width":"795px","sub_width":8,"menu_links":"product","menu_links_per_col":"2","promo_width":4,"promo_image":"shopify:\/\/shop_images\/banner-2.1.jpg","promo_link":"#","use_promo_html":false,"page_promo_html":"","textarea_promo_html":""}},"1566370958829":{"type":"standard","settings":{"icon_font":"","label":"","menu_links":"pages"}},"1566371222294":{"type":"standard","settings":{"icon_font":"","label":"","menu_links":"blog"}},"1597587735188":{"type":"standard","settings":{"icon_font":"","label":"","menu_links":"elements"}},"1571207491276":{"type":"link","settings":{"button_link":"#","title":"Buy Molla","icon_font":"","label":"Sale"}},"1566378197076":{"type":"top_menu","settings":{"call_us_show":true,"email_show":false,"social_contact_show":false,"wishlist_show":false,"compare_show":false,"account_show":false,"link_inline_show":false,"link_inline":"","link_dropdown_show":false,"link_dropdown":"","account_dropdown_show":false,"currency_dropdown_show":false,"language_app_show":false,"language_app_html":"","custom_show":false,"custom_html":"<p class=\"mb-0 d-inline-block\">Special collection already available.<\/p><a href=\"#\"> Read more ...<\/a>","col":"auto"}},"1566378228269":{"type":"top_menu","settings":{"call_us_show":false,"email_show":false,"social_contact_show":false,"wishlist_show":false,"compare_show":false,"account_show":true,"link_inline_show":true,"link_inline":"top-links-1","link_dropdown_show":false,"link_dropdown":"","account_dropdown_show":false,"currency_dropdown_show":true,"language_app_show":false,"language_app_html":"","custom_show":false,"custom_html":"","col":"auto"}},"1575430493554":{"type":"announcement","settings":{"message_richtext":"<p>FREE SHIPPING FOR ALL ORDERS OVER $50<\/p>"}},"1593498070566":{"type":"hot_1","settings":{"title":"<i class=\"fkt-sketch\"><\/i><p><span class=\"highlight\">Clearance Up to 30% Off<\/span><\/p>"}}},"block_order":["1566368019155","1566368918749","1566370135707","1566370958829","1566371222294","1597587735188","1571207491276","1566378197076","1566378228269","1575430493554","1593498070566"],"settings":{"use_header_announcement":false,"sticky_header_announcement":false,"width_announcement":"container","width_content":true,"announcement_reponsive":"{\n  \"0\": {\n    \"slidesPerView\": 1,\n    \"spaceBetween\": 0\n  },\n  \"320\": {\n    \"slidesPerView\": 1,\n    \"spaceBetween\": 0\n  },\n  \"768\": {\n    \"slidesPerView\": 1,\n    \"spaceBetween\": 0\n  },\n  \"992\": {\n    \"slidesPerView\": 1,\n    \"spaceBetween\": 0\n  },\n  \"1200\": {\n    \"slidesPerView\": 1,\n    \"spaceBetween\": 0\n  }\n}","announcement_margin_top":"","announcement_margin_bottom":"","announcement_padding":"","announcement_image":"shopify:\/\/shop_images\/base_line.jpg","announcement_onm":false,"announcement_ont":false,"use_header_top":true,"sticky_header_top":true,"width_header_top":"container","header_top_margin_top":"","header_top_margin_bottom":"","header_top_padding":"0.35rem 0","header_top_onm":false,"header_top_ont":false,"sticky_menu":true,"width_header":"container","header_margin_top":"","header_margin_bottom":"","header_padding":"","use_account":false,"use_compare":true,"use_wishlist":true,"use_cart":true,"padding_size":1.5,"main_linklist":"","categories_dropdown":false,"title_categories":"Browse Categories","list_categories_2_open":false}},"header-mobile":{"type":"header-mobile","blocks":{"1566369290802":{"type":"item_menu","settings":{"menu_links":"main-menu","title":"Menu","call_us_show":true,"email_show":true,"wishlist_show":false,"compare_show":false,"account_show":true,"currency_dropdown_show":true,"language_app_show":false,"language_app_html":"","custom_show":false,"custom_html":""}},"1566531134765":{"type":"item_categories_1","settings":{"menu_links":"browse-categories","title":"Categories"}}},"block_order":["1566369290802","1566531134765"],"settings":{"use_lazy":true,"use_search":true}},"footer_02":{"type":"footer_02","settings":{"use_footer":true,"off_mobile":false,"off_desktop":false,"width_section":"w-100","width_content":true,"section_margin_top":"","section_margin_bottom":"","section_padding":"","section_bg_op":1,"dark_mode":true,"logo_footer_svg":"logo_-_cc6666.svg","logo_footer":"shopify:\/\/shop_images\/logo-w_209d4634-5b55-42c0-9833-fc43965e9bb4.png","logo_footer_max_width":110,"footer_description":"Praesent dapibus, neque id cursus ucibus, tortor neque egestas augue, eu vulputate magna eros eu erat. Aliquam erat volutpat. Nam dui mi, tincidunt quis, accumsan porttitor, facilisis luctus, metus.","footer_description_title_phone":"Got Question? Call us 24\/7","footer_description_payment_method":"Payment Method","title_1":"Information","footer_link_1":"useful-links","title_2":"Customer Service","footer_link_2":"customer-service","title_3":"My Account","footer_link_3":"my-account","copyright":"Copyright © 2020 Molla Store. All Rights Reserved.","footer_link_copyright":"footer"}},"custom_color":{"type":"custom_color","blocks":{"1570843796803":{"type":"color","settings":{"title":"Navy polka dot","color_1_c":"","color_2_c":"","color_img":true}},"1570843956465":{"type":"color","settings":{"title":"Light Blue polka dot","color_1_c":"","color_2_c":"","color_img":true}},"1588305863169":{"type":"label","settings":{"title":"new","color":"#ffffff","bg_color":"#1cc0a0"}},"1588305874679":{"type":"label","settings":{"title":"hot","color":"#ffffff","bg_color":"#e53939"}},"1591925480129":{"type":"color","settings":{"title":"redwood","color_1_c":"#632714","color_2_c":"","color_img":false}},"1591925544164":{"type":"color","settings":{"title":"lapis blue","color_1_c":"#36343e","color_2_c":"","color_img":false}},"1591925567820":{"type":"color","settings":{"title":"cypress","color_1_c":"#4b473d","color_2_c":"","color_img":false}},"1591925643849":{"type":"color","settings":{"title":"grey marl","color_1_c":"#a6b2b0","color_2_c":"","color_img":false}},"1591925659435":{"type":"color","settings":{"title":"mesa rose","color_1_c":"#9c6f78","color_2_c":"","color_img":false}},"1591925820937":{"type":"label","settings":{"title":"sale","color":"#ffffff","bg_color":"#61ab00"}}},"block_order":["1570843796803","1570843956465","1588305863169","1588305874679","1591925480129","1591925544164","1591925567820","1591925643849","1591925659435","1591925820937"],"settings":{}},"cookies_popup":{"type":"cookies_popup","settings":{"cookies_popup_text":"We use cookies to improve your experience on our website. By browsing this website, you agree to our use of cookies."}},"kt_banner_all_page":{"type":"kt_banner_all_page","settings":{"title":"Banner all page","off_section":true,"off_mobile":false,"off_desktop":false,"width_section":"container","width_content":true,"section_margin_top":"","section_margin_bottom":"","section_padding":"","section_bg":"","section_bg_op":0.5,"message_richtext":"<p>Now These Bestsellers are back in stock &amp; ready for action!<\/p>","textBtn":"Shop Now <i class=\"fa fa-caret-right\" aria-hidden=\"true\"><\/i>","load_btn":false,"style_btn":"btn-outline-darker","style_btn_rounded":"","btn_shadow":false}},"kt_top_banner":{"type":"kt_top_banner","blocks":{"1570862540950":{"type":"collection_banner","settings":{"off_section":false,"off_mobile":false,"off_desktop":false,"html":"<div class=\"page-header text-center\"><h1 class=\"page-title\">Grid Columns<span>Shop<\/span>\n<\/h1><\/div>","by_handle_1":"","by_handle_2":"","by_handle_3":"","by_handle_11":"all_handle","width_section":"w-100","width_content":false,"section_margin_top":"","section_margin_bottom":"","section_padding":"4.5rem 0","section_bg":"","section_bg_op":0.5,"image":"shopify:\/\/shop_images\/page-header-bg.jpg"}},"1571033378654":{"type":"list_coll_banner","settings":{"off_section":false,"off_mobile":false,"off_desktop":false,"html":"<div class=\"page-header text-center\"><h1 class=\"page-title\">Product Category Boxed<span>Shop<\/span>\n<\/h1><\/div>","width_section":"w-100","width_content":true,"section_margin_top":"","section_margin_bottom":"","section_padding":"4.6rem 0 5rem","section_bg":"","section_bg_op":0.5,"image":"shopify:\/\/shop_images\/page-header-bg.jpg"}},"1571727555274":{"type":"cart_banner","settings":{"off_section":false,"off_mobile":false,"off_desktop":false,"html":"<div class=\"page-header text-center\"><h1 class=\"page-title\">Shopping Cart<span>Shop<\/span>\n<\/h1><\/div>","width_section":"w-100","width_content":true,"section_margin_top":"","section_margin_bottom":"","section_padding":"4.6rem 0 5rem","section_bg":"","section_bg_op":0.5,"image":"shopify:\/\/shop_images\/page-header-bg.jpg"}},"1571926336502":{"type":"page_banner","settings":{"off_section":false,"off_mobile":false,"off_desktop":false,"html":"<div class=\"page-header text-center\"><h1 class=\"page-title\">About us 2<span>Page<\/span>\n<\/h1><\/div>","by_handle_1":"about-us-2","by_handle_2":"","by_handle_3":"","by_handle_11":"","width_section":"w-100","width_content":true,"section_margin_top":"","section_margin_bottom":"","section_padding":"4.6rem 0 5rem","section_bg":"","section_bg_op":0.5,"image":"shopify:\/\/shop_images\/page-header-bg.jpg"}},"1572080254452":{"type":"page_banner","settings":{"off_section":false,"off_mobile":false,"off_desktop":false,"html":"<div class=\"page-header text-center\"><h1 class=\"page-title\">F.A.Q<span>Pages<\/span>\n<\/h1><\/div>","by_handle_1":"faq","by_handle_2":"","by_handle_3":"","by_handle_11":"","width_section":"w-100","width_content":true,"section_margin_top":"","section_margin_bottom":"","section_padding":"4.6rem 0 5rem","section_bg":"","section_bg_op":0.5,"image":"shopify:\/\/shop_images\/page-header-bg.jpg"}},"1572235272285":{"type":"account_banner","settings":{"off_section":false,"off_mobile":false,"off_desktop":false,"html":"<div class=\"page-header text-center\"><h1 class=\"page-title\">My Account<span>Shop<\/span>\n<\/h1><\/div>","width_section":"w-100","width_content":true,"section_margin_top":"","section_margin_bottom":"","section_padding":"4.6rem 0 5rem","section_bg":"","section_bg_op":0.5,"image":"shopify:\/\/shop_images\/page-header-bg.jpg"}}},"block_order":["1570862540950","1571033378654","1571727555274","1571926336502","1572080254452","1572235272285"],"settings":{"title":"Top banner"}},"product-template":{"type":"product-template","blocks":{"1566381177638":{"type":"tb_description","settings":{"show_tab":true,"tab_title":"Description","tab_width":"container"}},"1566381180677":{"type":"tb_details","settings":{"show_tab":true,"tab_title":"Additional information","show_vendor":true,"show_type":true,"show_sku":true,"show_weight":true}},"1566381183176":{"type":"tb_shipping","settings":{"show_tab":true,"tab_title":"Shipping & Returns","use_delivery_time":true}},"1566657193073":{"type":"tb_review","settings":{"show_tab":true,"tab_title":"Review(s)"}},"1593511030819":{"type":"tb_unique","settings":{"show_tab":true,"tab_title":"Tab Unique","tab_key":"26102"}}},"block_order":["1566381177638","1566381180677","1566381183176","1566657193073","1593511030819"],"settings":{"layout":"1","layout_tabs":"1","use_d_c_b":false}},"kt_recentlyViewedProducts":{"type":"kt_recentlyViewedProducts","settings":{"title":"Recently viewed Products","off_section":false,"off_mobile":false,"off_desktop":false,"width_section":"container","width_content":true,"section_margin_top":"","section_margin_bottom":"5rem","section_padding":"","section_bg":"","section_bg_op":0.5,"product_recently_title":"Recently viewed","product_recently_stitle":"","autoplay":false,"use_navigation":true,"nav_style":"-default","nav_mode":"default","nav_position":"nav-default","use_dots":false,"dots_mode":"default","dots_position":"inside","responsive":"{\n  \"0\": {\n    \"slidesPerView\": 1,\n    \"spaceBetween\": 0\n  },\n  \"320\": {\n    \"slidesPerView\": 2,\n    \"spaceBetween\": 10\n  },\n  \"768\": {\n    \"slidesPerView\": 2,\n    \"spaceBetween\": 20\n  },\n  \"992\": {\n    \"slidesPerView\": 3,\n    \"spaceBetween\": 20\n  },\n  \"1200\": {\n    \"slidesPerView\": 5,\n    \"spaceBetween\": 20\n  }\n}"}},"kt_related-products":{"type":"kt_related-products","settings":{"title":"Related Products","off_section":false,"off_mobile":false,"off_desktop":false,"width_section":"w-100","width_content":true,"section_margin_top":"","section_margin_bottom":"2rem","section_padding":"","section_bg":"","section_bg_op":0.5,"title_section":"You May Also Like","stitle_section":"","reverse":false,"title_align":"text-center","margin_btitle":3,"recommendations_enable":true,"product_items":8,"autoplay":false,"use_navigation":true,"nav_style":"-default","nav_mode":"default","nav_position":"nav-default","use_dots":false,"dots_mode":"default","dots_position":"inside","responsive":"{\n  \"0\": {\n    \"slidesPerView\": 1,\n    \"spaceBetween\": 0\n  },\n  \"320\": {\n    \"slidesPerView\": 2,\n    \"spaceBetween\": 10\n  },\n  \"768\": {\n    \"slidesPerView\": 2,\n    \"spaceBetween\": 20\n  },\n  \"992\": {\n    \"slidesPerView\": 3,\n    \"spaceBetween\": 20\n  },\n  \"1200\": {\n    \"slidesPerView\": 5,\n    \"spaceBetween\": 20\n  }\n}"}},"collection-filter":{"type":"collection-filter","blocks":{"1566450149734":{"type":"item_categories","settings":{"key":"kt_categories","block_width":"auto"}},"1566449220908":{"type":"item","settings":{"title":"Size","tags":"","key":"Size","block_width":"auto","block_style":"3","use_split":false}},"1566449246833":{"type":"item","settings":{"title":"Color","tags":"","key":"Color","block_width":"auto","block_style":"5","use_split":false}},"1566449758793":{"type":"item","settings":{"title":"Brand","tags":"","key":"Vendor","block_width":"auto","block_style":"1","use_split":false}},"1566449984325":{"type":"item","settings":{"title":"Price","tags":"","key":"Price","block_width":"auto","block_style":"1","use_split":false}}},"block_order":["1566450149734","1566449220908","1566449246833","1566449758793","1566449984325"],"settings":{"color_groups":"Color","brands_icon":""}},"login-register-template":{"type":"login-register-template","settings":{"width_section":"w-100","width_content":true,"section_margin_top":"","section_margin_bottom":"","section_padding":"17.5rem 0 17.5rem","section_bg":"","section_bg_op":0.5,"image":"shopify:\/\/shop_images\/login-bg.jpg"}},"404-template":{"type":"404-template","settings":{"img":"shopify:\/\/shop_images\/error-bg.jpg","url":"shopify:\/\/collections\/all"}},"about-template":{"type":"about-template","blocks":{"1566459467440":{"type":"item_banner","settings":{"off_block":false,"off_mobile":false,"off_desktop":false,"width_section":"container","width_content":true,"section_margin_top":"","section_margin_bottom":"","section_padding":"4.5rem 0","section_bg":"","section_bg_op":0.5,"image":"shopify:\/\/shop_images\/about-header-bg.jpg","html_content":"About us<span>Who we are<\/span>","title_1":"Our Vision","html_content_1":"Lorem ipsum dolor sit amet, consectetuer adipiscing elit. Phasellus hendrerit. Pellentesque aliquet nibh nec urna. In nisi neque, aliquet vel, dapibus id, mattis vel, nisi. Sed pretium, ligula sollicitudin laoreet viverra, tortor libero sodales leo, eget blandit nunc tortor eu nibh.","title_2":"Our Mission","html_content_2":"Sed egestas, ante et vulputate volutpat, eros pede semper est, vitae luctus metus libero eu augue. Morbi purus libero, faucibus adipiscing, commodo quis, gravida id, est. Sed lectus. <br>Praesent elementum hendrerit tortor. Sed semper lorem at felis."}},"1566459607551":{"type":"item_who_we_are","settings":{"off_block":false,"off_mobile":false,"off_desktop":false,"width_section":"w-100","width_content":true,"section_margin_top":"5rem","section_margin_bottom":"","section_padding":"5rem 0","section_bg":"#f9f9f9","section_bg_op":1,"title":"Who We Are","html_content":"<p class=\"lead text-primary mb-3\">Pellentesque odio nisi, euismod pharetra a ultricies <br>in diam. Sed arcu. Cras consequat<\/p><p class=\"mb-2\">Sed pretium, ligula sollicitudin laoreet viverra, tortor libero sodales leo, eget blandit nunc tortor eu nibh. Suspendisse potenti. Sed egestas, ante et vulputate volutpat, uctus metus libero eu augue. <\/p>","btn_name":"<span>VIEW OUR NEWS<\/span><i class=\"fkt-long-arrow-right\"><\/i>","btn_url":"","image":"shopify:\/\/shop_images\/Untitled-1.jpg"}},"1566460216036":{"type":"item_brands_info","settings":{"off_block":false,"off_mobile":false,"off_desktop":false,"width_section":"container","width_content":true,"section_margin_top":"8rem","section_margin_bottom":"","section_padding":"","section_bg":"","section_bg_op":0.5,"title":"The world's premium design brands in one destination.","html_content":"Phasellus hendrerit. Pellentesque aliquet nibh nec urna. In nisi neque, aliquet vel, dapibus id, mattis vel, nis","image_1":"shopify:\/\/shop_images\/logo-6.png","brand_call_to_action_1":"","image_2":"shopify:\/\/shop_images\/logo-5.png","brand_call_to_action_2":"","image_3":"shopify:\/\/shop_images\/logo-4.png","brand_call_to_action_3":"","image_4":"shopify:\/\/shop_images\/logo-3.png","brand_call_to_action_4":"","image_5":"shopify:\/\/shop_images\/logo-2.png","brand_call_to_action_5":"","image_6":"shopify:\/\/shop_images\/logo-1.png","brand_call_to_action_6":"","image_7":"shopify:\/\/shop_images\/logo.png","brand_call_to_action_7":"","image_8":"shopify:\/\/shop_images\/logo-7.png","brand_call_to_action_8":"","image_9":"shopify:\/\/shop_images\/logo98.png","brand_call_to_action_9":""}},"1566460432072":{"type":"item_meet_our_team","settings":{"off_block":false,"off_mobile":false,"off_desktop":false,"width_section":"container","width_content":true,"section_margin_top":"","section_margin_bottom":"","section_padding":"","section_bg":"","section_bg_op":0.5,"title":"Meet Our Team","image_avatar_1":"shopify:\/\/shop_images\/member-1.jpg","name_1":"Samanta Grey<span>Founder & CEO<\/span>","info_1":"Sed pretium, ligula sollicitudin viverra, tortor libero sodales leo, eget blandit nunc.","social_twitter_link_1":"#","social_facebook_link_1":"#","social_instagram_link_1":"#","image_avatar_2":"shopify:\/\/shop_images\/member-2.jpg","name_2":"Bruce Sutton<span>Sales & Marketing Manager<\/span>","info_2":"Sed pretium, ligula sollicitudin viverra, tortor libero sodales leo, eget blandit nunc.","social_twitter_link_2":"#","social_facebook_link_2":"#","social_instagram_link_2":"#","image_avatar_3":"shopify:\/\/shop_images\/member-3.jpg","name_3":"Janet Joy<span>Product Manager<\/span>","info_3":"Sed pretium, ligula sollicitudin viverra, tortor libero sodales leo, eget blandit nunc.","social_twitter_link_3":"#","social_facebook_link_3":"#","social_instagram_link_3":"#","image_avatar_4":"","name_4":"Samanta Grey<span>Founder & CEO<\/span>","info_4":"Sed pretium, ligula sollicitudin viverra, tortor libero sodales leo, eget blandit nunc.","social_twitter_link_4":"","social_facebook_link_4":"","social_instagram_link_4":"","image_avatar_5":"","name_5":"Samanta Grey<span>Founder & CEO<\/span>","info_5":"Sed pretium, ligula sollicitudin viverra, tortor libero sodales leo, eget blandit nunc.","social_twitter_link_5":"","social_facebook_link_5":"","social_instagram_link_5":"","image_avatar_6":"","name_6":"Samanta Grey<span>Founder & CEO<\/span>","info_6":"Sed pretium, ligula sollicitudin viverra, tortor libero sodales leo, eget blandit nunc.","social_twitter_link_6":"","social_facebook_link_6":"","social_instagram_link_6":""}},"1566460593227":{"type":"item_customer_say","settings":{"off_block":false,"off_mobile":false,"off_desktop":false,"width_section":"w-100","width_content":true,"section_margin_top":"","section_margin_bottom":"","section_padding":"6rem 0","section_bg":"#f9f9f9","section_bg_op":1,"title":"What Customer Say About Us","image_avatar_1":"shopify:\/\/shop_images\/user-1.jpg","name_1":"Victoria Ventura<span>Customer<\/span>","info_1":"Impedit, ratione sequi, sunt incidunt magnam et. Delectus obcaecati optio eius error libero perferendis nesciunt atque dolores magni recusandae! Doloremque quidem error eum quis similique doloribus natus qui ut ipsum.Velit quos ipsa exercitationem, vel unde obcaecati impedit eveniet non.","image_avatar_2":"shopify:\/\/shop_images\/user-2.jpg","name_2":"Victoria Ventura<span>Customer<\/span>","info_2":"Impedit, ratione sequi, sunt incidunt magnam et. Delectus obcaecati optio eius error libero perferendis nesciunt atque dolores magni recusandae! Doloremque quidem error eum quis similique doloribus natus qui ut ipsum.Velit quos ipsa exercitationem, vel unde obcaecati impedit eveniet non.","image_avatar_3":"","name_3":"Victoria Ventura<span>Customer<\/span>","info_3":"Impedit, ratione sequi, sunt incidunt magnam et. Delectus obcaecati optio eius error libero perferendis nesciunt atque dolores magni recusandae! Doloremque quidem error eum quis similique doloribus natus qui ut ipsum.Velit quos ipsa exercitationem, vel unde obcaecati impedit eveniet non.","image_avatar_4":"","name_4":"Victoria Ventura<span>Customer<\/span>","info_4":"Impedit, ratione sequi, sunt incidunt magnam et. Delectus obcaecati optio eius error libero perferendis nesciunt atque dolores magni recusandae! Doloremque quidem error eum quis similique doloribus natus qui ut ipsum.Velit quos ipsa exercitationem, vel unde obcaecati impedit eveniet non.","image_avatar_5":"","name_5":"Victoria Ventura<span>Customer<\/span>","info_5":"Impedit, ratione sequi, sunt incidunt magnam et. Delectus obcaecati optio eius error libero perferendis nesciunt atque dolores magni recusandae! Doloremque quidem error eum quis similique doloribus natus qui ut ipsum.Velit quos ipsa exercitationem, vel unde obcaecati impedit eveniet non.","image_avatar_6":"","name_6":"Victoria Ventura<span>Customer<\/span>","info_6":"Impedit, ratione sequi, sunt incidunt magnam et. Delectus obcaecati optio eius error libero perferendis nesciunt atque dolores magni recusandae! Doloremque quidem error eum quis similique doloribus natus qui ut ipsum.Velit quos ipsa exercitationem, vel unde obcaecati impedit eveniet non.","autoplay":false,"use_navigation":true,"nav_style":"-default","nav_mode":"default","nav_position":"nav-default","use_dots":false,"dots_mode":"default","dots_position":"inside","responsive":"{\n  \"0\": {\n    \"slidesPerView\": 1,\n    \"spaceBetween\": 20\n  },\n  \"320\": {\n    \"slidesPerView\": 1,\n    \"spaceBetween\": 20\n  },\n  \"768\": {\n    \"slidesPerView\": 1,\n    \"spaceBetween\": 20\n  },\n  \"992\": {\n    \"slidesPerView\": 1,\n    \"spaceBetween\": 20\n  },\n  \"1200\": {\n    \"slidesPerView\": 1,\n    \"spaceBetween\": 20\n  }\n}"}}},"block_order":["1566459467440","1566459607551","1566460216036","1566460432072","1566460593227"],"settings":{}},"about-template-2":{"type":"about-template-2","blocks":{"1566460784606":{"type":"item_who_we_are","settings":{"off_block":false,"off_mobile":false,"off_desktop":false,"width_section":"container","width_content":true,"section_margin_top":"","section_margin_bottom":"","section_padding":"","section_bg":"","section_bg_op":0.5,"title":"Who We Are","html_content":"<p>Sed pretium, ligula sollicitudin laoreet viverra, tortor libero sodales leo, eget blandit nunc tortor eu nibh. Suspendisse potenti. Sed egestas, ante et vulputate volutpat, uctus metus libero eu augue. Morbi purus libero, faucibus adipiscing, commodo quis, gravida id, est. Sed lectus. Praesent elementum hendrerit tortor. Sed semper lorem at felis.<\/p>","image_signature":"shopify:\/\/shop_images\/signature.png","image":"shopify:\/\/shop_images\/img-1.jpg"}},"1566460823506":{"type":"item_icons","settings":{"off_block":false,"off_mobile":false,"off_desktop":false,"width_section":"container","width_content":true,"section_margin_top":"5rem","section_margin_bottom":"","section_padding":"","section_bg":"","section_bg_op":0.5,"icon_font_1":"","icon_1":"","title_1":"Design Quality","content_1":"Sed egestas, ante et vulputate volutpat, eros pede semper est, vitae luctus metus libero <br>eu augue.","url_1":"","icon_font_2":"fkt-life-ring","icon_2":"","title_2":"Professional Support","content_2":"Praesent dapibus, neque id cursus faucibus, <br>tortor neque egestas augue, eu vulputate <br>magna eros eu erat.","url_2":"","icon_font_3":"fkt-heart-o","icon_3":"","title_3":"Made With Love","content_3":"Pellentesque a diam sit amet mi ullamcorper <br>vehicula. Nullam quis massa sit amet <br>nibh viverra malesuada.","url_3":"","icon_font_4":"","icon_4":"","title_4":"","content_4":"","url_4":""}},"1566460925430":{"type":"item_count","settings":{"off_block":false,"off_mobile":false,"off_desktop":false,"width_section":"w-100","width_content":true,"section_margin_top":"","section_margin_bottom":"","section_padding":"12rem 0 9rem","section_bg":"","section_bg_op":0.5,"image":"shopify:\/\/shop_images\/bg-4.jpg","bg_effect":"simple","parallax_speed":0.2,"count_1":"41","unit_1":"K+","title_1":"Happy Customer","count_2":"20","unit_2":"+","title_2":"Years in Business","count_3":"97","unit_3":"%","title_3":"Return Clients","count_4":"15","unit_4":"","title_4":"Awards Won"}},"1566461002748":{"type":"item_meet_our_team","settings":{"off_block":false,"off_mobile":false,"off_desktop":false,"width_section":"w-100","width_content":true,"section_margin_top":"","section_margin_bottom":"","section_padding":"6rem 0","section_bg":"#f9f9f9","section_bg_op":1,"title":"Meet Our Team","image_avatar_1":"shopify:\/\/shop_images\/member-1_a472bd77-93a2-41a3-99fb-fd5ddbb9fd40.jpg","name_1":"Samanta Grey<span>Founder & CEO<\/span>","social_twitter_link_1":"#","social_facebook_link_1":"#","social_instagram_link_1":"#","image_avatar_2":"shopify:\/\/shop_images\/member-2_69ba98da-951c-4cc3-a029-4a404901b18b.jpg","name_2":"Bruce Sutton<span>Sales & Marketing Manager<\/span>","social_twitter_link_2":"#","social_facebook_link_2":"#","social_instagram_link_2":"#","image_avatar_3":"shopify:\/\/shop_images\/member-3_f0873166-9097-481c-b892-fe02ea308b58.jpg","name_3":"Janet Joy<span>Product Manager<\/span>","social_twitter_link_3":"#","social_facebook_link_3":"#","social_instagram_link_3":"#","image_avatar_4":"shopify:\/\/shop_images\/member-4.jpg","name_4":"Mark Pocket<span>Product Manager<\/span>","social_twitter_link_4":"#","social_facebook_link_4":"#","social_instagram_link_4":"#","image_avatar_5":"shopify:\/\/shop_images\/member-5.jpg","name_5":"Damion Blue<span>Product Manager<\/span>","social_twitter_link_5":"#","social_facebook_link_5":"#","social_instagram_link_5":"#","image_avatar_6":"shopify:\/\/shop_images\/member-6.jpg","name_6":"Lenard Smith<span>Product Manager<\/span>","social_twitter_link_6":"#","social_facebook_link_6":"#","social_instagram_link_6":"#","image_avatar_7":"shopify:\/\/shop_images\/member-7.jpg","name_7":"Rachel Green<span>Product Manager<\/span>","social_twitter_link_7":"#","social_facebook_link_7":"#","social_instagram_link_7":"#","image_avatar_8":"shopify:\/\/shop_images\/member-8.jpg","name_8":"David Doe<span>Product Manager<\/span>","social_twitter_link_8":"#","social_facebook_link_8":"#","social_instagram_link_8":"#","btn_url":"","name_btn":"<span>LETS START WORK<\/span><i class=\"fkt-long-arrow-right\"><\/i>","style_btn":"btn-outline-primary-2","style_btn_rounded":"","btn_shadow":false}},"1566462146192":{"type":"item_brands_info","settings":{"off_block":false,"off_mobile":false,"off_desktop":false,"width_section":"container","width_content":true,"section_margin_top":"6rem","section_margin_bottom":"5rem","section_padding":"","section_bg":"","section_bg_op":0.5,"title":"The world's premium design brands in one destination.","html_content":"Phasellus hendrerit. Pellentesque aliquet nibh nec urna. In nisi neque, aliquet vel, dapibus id, mattis vel, nis","image_1":"shopify:\/\/shop_images\/logo-6.png","brand_call_to_action_1":"","image_2":"shopify:\/\/shop_images\/logo-5.png","brand_call_to_action_2":"","image_3":"shopify:\/\/shop_images\/logo-4.png","brand_call_to_action_3":"","image_4":"shopify:\/\/shop_images\/logo.png","brand_call_to_action_4":"","image_5":"shopify:\/\/shop_images\/logo-3.png","brand_call_to_action_5":"","image_6":"shopify:\/\/shop_images\/logo-2.png","brand_call_to_action_6":"","image_7":"shopify:\/\/shop_images\/logo-1.png","brand_call_to_action_7":"","image_8":"shopify:\/\/shop_images\/logo98.png","brand_call_to_action_8":"","image_9":"","brand_call_to_action_9":""}}},"block_order":["1566460784606","1566460823506","1566460925430","1566461002748","1566462146192"],"settings":{}},"password-content":{"type":"password-content","settings":{"logo":"shopify:\/\/shop_images\/logo-icon.png","logo_max_width":100,"header":"Coming Soon","bg_image":"shopify:\/\/shop_images\/soon-bg.jpg","countdown":"2021\/10\/26 12:00:00","newsletter_enable":true,"newsletter_desc":"<p>We are currently working on an awesome new site. Stay tuned for more information. Subscribe to our newsletter to stay updated on our progress.<\/p>","newsletter_placeholder":"Enter your Email Address","newsletter_button_text":"SUBSCRIBE","show_share_buttons":true,"social_message":"","copyright":""}},"contact-template":{"type":"contact-template","blocks":{"1566463180368":{"type":"item_banner","settings":{"off_block":false,"off_mobile":false,"off_desktop":false,"width_section":"container","width_content":true,"section_margin_top":"","section_margin_bottom":"","section_padding":"","section_bg":"","section_bg_op":0.5,"image":"shopify:\/\/shop_images\/contact-header-bg.jpg","html_content":"About us<span>Who we are<\/span>"}},"1566463228070":{"type":"item_i_and_q","settings":{"off_block":false,"off_mobile":false,"off_desktop":false,"width_section":"container","width_content":true,"section_margin_top":"5rem","section_margin_bottom":"","section_padding":"","section_bg":"","section_bg_op":0.5,"title_1":"Contact Information","html_desciption_1":"<p class=\"mb-3\">Vestibulum volutpat, lacus a ultrices sagittis, mi neque euismod dui, eu pulvinar nunc sapien ornare nisl. Phasellus pede arcu, dapibus eu, fermentum et, dapibus sed, urna.<\/p>","title_1_1":"The Office","address_1_1":"70 Washington Square South New York, NY 10012, United States","phone_1_1":"+92 423 567","email_1_1":"info@midas.com","title_1_2":"The Office","openning_1_2":"Monday-Saturday<br>11am-7pm ET","openning_1_22":"Sunday<br>11am-6pm ET","title_2":"The Office","html_desciption_2":"<p class=\"mb-2\">Use the form below to get in touch with the sales team<\/p>"}},"1566463252594":{"type":"item_our_stores","settings":{"off_block":false,"off_mobile":false,"off_desktop":false,"width_section":"container","width_content":true,"section_margin_top":"","section_margin_bottom":"","section_padding":"","section_bg":"","section_bg_op":0.5,"title":"Our Stores","store_image_1":"shopify:\/\/shop_images\/img-1_8f3f1a48-b9b7-408f-affe-541c5c723f86.jpg","store_name_1":"Wall Street Plaza","store_address_1":"88 Pine St, New York, NY 10005, USA","store_phone_1":"+1 987-876-6543","store_hours_1":"<h4 class=\"store-subtitle\">Store Hours:<\/h4><div>Monday - Saturday 11am to 7pm<\/div><div>Sunday 11am to 6pm<\/div>","store_map_1":"#","store_btnmap_1":"View Map","store_image_2":"shopify:\/\/shop_images\/img-2.jpg","store_name_2":"One New York Plaza","store_address_2":"88 Pine St, New York, NY 10005, USA","store_phone_2":"+1 987-876-6543","store_hours_2":"<h4 class=\"store-subtitle\">Store Hours:<\/h4><div>Monday - Friday 9am to 8pm<\/div>\n                        <div>Saturday - 9am to 2pm<\/div>\n                        <div>Sunday - Closed<\/div>","store_map_2":"#","store_btnmap_2":"View Map","store_image_3":"","store_name_3":"Wall Street Plaza","store_address_3":"88 Pine St, New York, NY 10005, USA","store_phone_3":"+1 987-876-6543","store_hours_3":"<h4 class=\"store-subtitle\">Store Hours:<\/h4><div>Monday - Saturday 11am to 7pm<\/div><div>Sunday 11am to 6pm<\/div>","store_map_3":"","store_btnmap_3":"View Map","store_image_4":"","store_name_4":"Wall Street Plaza","store_address_4":"88 Pine St, New York, NY 10005, USA","store_phone_4":"+1 987-876-6543","store_hours_4":"<h4 class=\"store-subtitle\">Store Hours:<\/h4><div>Monday - Saturday 11am to 7pm<\/div><div>Sunday 11am to 6pm<\/div>","store_map_4":"","store_btnmap_4":"View Map","store_image_5":"","store_name_5":"Wall Street Plaza","store_address_5":"88 Pine St, New York, NY 10005, USA","store_phone_5":"+1 987-876-6543","store_hours_5":"<h4 class=\"store-subtitle\">Store Hours:<\/h4><div>Monday - Saturday 11am to 7pm<\/div><div>Sunday 11am to 6pm<\/div>","store_map_5":"","store_btnmap_5":"View Map","store_image_6":"","store_name_6":"Wall Street Plaza","store_address_6":"88 Pine St, New York, NY 10005, USA","store_phone_6":"+1 987-876-6543","store_hours_6":"<h4 class=\"store-subtitle\">Store Hours:<\/h4><div>Monday - Saturday 11am to 7pm<\/div><div>Sunday 11am to 6pm<\/div>","store_map_6":"","store_btnmap_6":"View Map"}},"1566463347547":{"type":"item_map","settings":{"off_block":false,"off_mobile":false,"off_desktop":false,"width_section":"w-100","width_content":false,"section_margin_top":"5rem","section_margin_bottom":"","section_padding":"","section_bg":"","section_bg_op":0.5,"iframe":"<iframe src=\"https:\/\/www.google.com\/maps\/embed?pb=!1m14!1m8!1m3!1d24157.401117843983!2d-73.966489!3d40.813132!3m2!1i1024!2i768!4f13.1!3m3!1m2!1s0x0%3A0x577933f947e52750!2zxJDhuqFpIGjhu41jIENvbHVtYmlh!5e0!3m2!1svi!2sus!4v1565752574420!5m2!1svi!2sus\" width=\"100%\" height=\"450\" frameborder=\"0\" style=\"border:0\" allowfullscreen><\/iframe>"}}},"block_order":["1566463180368","1566463228070","1566463252594","1566463347547"],"settings":{}},"contact-template-2":{"type":"contact-template-2","blocks":{"1566463539079":{"type":"item_map","settings":{"off_block":false,"off_mobile":false,"off_desktop":false,"width_section":"w-100","width_content":false,"section_margin_top":"","section_margin_bottom":"","section_padding":"","section_bg":"","section_bg_op":0.5,"iframe":"<iframe src=\"https:\/\/www.google.com\/maps\/embed?pb=!1m14!1m8!1m3!1d24157.401117843983!2d-73.966489!3d40.813132!3m2!1i1024!2i768!4f13.1!3m3!1m2!1s0x0%3A0x577933f947e52750!2zxJDhuqFpIGjhu41jIENvbHVtYmlh!5e0!3m2!1svi!2sus!4v1565752574420!5m2!1svi!2sus\" width=\"100%\" height=\"450\" frameborder=\"0\" style=\"border:0\" allowfullscreen><\/iframe>"}},"1566463543309":{"type":"item_contact_boxs","settings":{"off_block":false,"off_mobile":false,"off_desktop":false,"width_section":"container","width_content":true,"section_margin_top":"5rem","section_margin_bottom":"","section_padding":"","section_bg":"","section_bg_op":0.5,"title_1":"Office","address_1":"1 New York Plaza, New York, <br>NY 10004, USA","title_2":"Start a Conversation","email_2":"info@midas.com","phone_2_1":"+1 987-876-6543","phone_2_2":"+1 987-976-1234","title_3":"Social"}},"1566463547064":{"type":"item_contact_form","settings":{"off_block":false,"off_mobile":false,"off_desktop":false,"width_section":"container","width_content":true,"section_margin_top":"","section_margin_bottom":"3rem","section_padding":"","section_bg":"","section_bg_op":0.5,"title_2":"Get In Touch","html_desciption_2":"<p class=\"lead text-primary\">We collaborate with ambitious brands and people; <br>we’d love to build something great together.<\/p><p class=\"mb-3\">Vestibulum volutpat, lacus a ultrices sagittis, mi neque euismod dui, eu pulvinar nunc sapien ornare nisl. Phasellus pede arcu, dapibus eu, fermentum et, dapibus sed, urna.<\/p>"}}},"block_order":["1566463539079","1566463543309","1566463547064"],"settings":{}},"faq-template":{"type":"faq-template","blocks":{"1566463858485":{"type":"item_1","settings":{"title":"Shipping Information"}},"1566463865899":{"type":"item","settings":{"title":"How will my parcel be delivered?","content":"Lorem ipsum dolor sit amet, consectetuer adipiscing elit. Donec odio. Quisque volutpat mattis eros. Nullam malesuada erat ut turpis. Suspendisse urna nibh, viverra non, semper suscipit, posuere a, pede. Donec nec justo eget felis facilisis fermentum. Aliquam porttitor mauris sit amet orci. Aenean dignissim pellentesque felis. Phasellus ultrices nulla quis nibh. Quisque a lectus. Donec consectetuer ligula vulputate sem tristique cursus. Nam nulla quam, gravida non, commodo a, sodales sit amet, nisi.","content_page":""}},"1566463911799":{"type":"item","settings":{"title":"Do I pay for delivery?","content":"Ipsum dolor sit amet, consectetuer adipiscing elit. Donec odio. Quisque volutpat mattis eros. Nullam malesuada erat ut turpis. Suspendisse urna nibh, viverra non, semper suscipit, posuere a, pede. Donec nec justo eget felis facilisis fermentum.Lorem ipsum dolor sit amet, consectetuer adipiscing elit. Donec odio. Quisque volutpat mattis eros.","content_page":""}},"1566463935351":{"type":"item","settings":{"title":"Will I be charged customs fees?","content":"Nullam malesuada erat ut turpis. Suspendisse urna nibh, viverra non, semper suscipit, posuere a, pede. Donec nec justo eget felis facilisis fermentum.Lorem ipsum dolor sit amet, consectetuer adipiscing elit. Donec odio. Quisque volutpat mattis eros. Lorem ipsum dolor sit amet, consectetuer adipiscing elit. Donec odio. Quisque volutpat mattis eros.","content_page":""}},"1566463970467":{"type":"item","settings":{"title":"My item has become faulty","content":"Nullam malesuada erat ut turpis. Suspendisse urna nibh, viverra non, semper suscipit, posuere a, pede. Donec nec justo eget felis facilisis fermentum.Lorem ipsum dolor sit amet, consectetuer adipiscing elit. Donec odio. Quisque volutpat mattis eros. Lorem ipsum dolor sit amet, consectetuer adipiscing elit. Donec odio. Quisque volutpat mattis eros.","content_page":""}},"1566463989692":{"type":"item_1","settings":{"title":"Orders and Returns"}},"1566463995127":{"type":"item","settings":{"title":"Tracking my order","content":"Lorem ipsum dolor sit amet, consectetuer adipiscing elit. Donec odio. Quisque volutpat mattis eros. Nullam malesuada erat ut turpis. Suspendisse urna nibh, viverra non, semper suscipit, posuere a, pede. Donec nec justo eget felis facilisis fermentum.","content_page":""}},"1566464019297":{"type":"item","settings":{"title":"I haven’t received my order","content":"Ipsum dolor sit amet, consectetuer adipiscing elit. Donec odio. Quisque volutpat mattis eros. Nullam malesuada erat ut turpis. Suspendisse urna nibh, viverra non, semper suscipit, posuere a, pede. Donec nec justo eget felis facilisis fermentum.Lorem ipsum dolor sit amet, consectetuer adipiscing elit. Donec odio. Quisque volutpat mattis eros.","content_page":""}},"1566464389514":{"type":"item","settings":{"title":"How can I return an item?","content":"Nullam malesuada erat ut turpis. Suspendisse urna nibh, viverra non, semper suscipit, posuere a, pede. Donec nec justo eget felis facilisis fermentum.Lorem ipsum dolor sit amet, consectetuer adipiscing elit. Donec odio. Quisque volutpat mattis eros. Lorem ipsum dolor sit amet, consectetuer adipiscing elit. Donec odio. Quisque volutpat mattis eros.","content_page":""}},"1566464414382":{"type":"item_1","settings":{"title":"Payments"}},"1566464418751":{"type":"item","settings":{"title":"What payment types can I use?","content":"Lorem ipsum dolor sit amet, consectetuer adipiscing elit. Donec odio. Quisque volutpat mattis eros. Nullam malesuada erat ut turpis. Suspendisse urna nibh, viverra non, semper suscipit, posuere a, pede. Donec nec justo eget felis facilisis fermentum.","content_page":""}},"1566464440424":{"type":"item","settings":{"title":"Can I pay by Gift Card?","content":"Ipsum dolor sit amet, consectetuer adipiscing elit. Donec odio. Quisque volutpat mattis eros. Nullam malesuada erat ut turpis. Suspendisse urna nibh, viverra non, semper suscipit, posuere a, pede. Donec nec justo eget felis facilisis fermentum.Lorem ipsum dolor sit amet, consectetuer adipiscing elit. Donec odio. Quisque volutpat mattis eros.","content_page":""}},"1566464460762":{"type":"item","settings":{"title":"I can't make a payment","content":"Nullam malesuada erat ut turpis. Suspendisse urna nibh, viverra non, semper suscipit, posuere a, pede. Donec nec justo eget felis facilisis fermentum.Lorem ipsum dolor sit amet, consectetuer adipiscing elit. Donec odio. Quisque volutpat mattis eros. Lorem ipsum dolor sit amet, consectetuer adipiscing elit. Donec odio. Quisque volutpat mattis eros.","content_page":""}},"1566464497261":{"type":"item","settings":{"title":"Has my payment gone through?","content":"Nullam malesuada erat ut turpis. Suspendisse urna nibh, viverra non, semper suscipit, posuere a, pede. Donec nec justo eget felis facilisis fermentum.Lorem ipsum dolor sit amet, consectetuer adipiscing elit. Donec odio. Quisque volutpat mattis eros. Lorem ipsum dolor sit amet, consectetuer adipiscing elit. Donec odio. Quisque volutpat mattis eros.","content_page":""}}},"block_order":["1566463858485","1566463865899","1566463911799","1566463935351","1566463970467","1566463989692","1566463995127","1566464019297","1566464389514","1566464414382","1566464418751","1566464440424","1566464460762","1566464497261"],"settings":{"width_section":"container","width_content":true,"section_margin_top":"5rem","section_margin_bottom":"","section_padding":"","section_bg":"","section_bg_op":0.5}},"md_call_to_action_faq_page":{"type":"md_call_to_action_faq_page","settings":{"title":"Call to Action","off_mobile":false,"off_desktop":false,"width_section":"container","width_content":true,"section_margin_top":"","section_margin_bottom":"","section_padding":"","section_bg":"","section_bg_op":0.5,"image":"","title_section":"If You Have More Questions","stitle_section":"Quisque volutpat mattis eros","link_to":"","name_link":"CONTACT US <i class=\"fkt-long-arrow-right\"><\/i>"}},"blog-template":{"type":"blog-template","blocks":{"1566524730954":{"type":"blog","settings":{"blog":"classic"}},"1566524742486":{"type":"blog","settings":{"blog":"news"}},"1566524752267":{"type":"sb_banner","settings":{"img":"shopify:\/\/shop_images\/banner.jpg","url":""}},"1566524777899":{"type":"sb_about","settings":{"html":"Vestibulum volutpat, lacus a ultrices sagittis, mi neque euismod dui, pulvinar nunc sapien ornare nisl."}}},"block_order":["1566524730954","1566524742486","1566524752267","1566524777899"],"settings":{"width_section":"container","width_content":false,"blog_show_author":true,"blog_show_date":true,"items_per_row":"1","search":true,"catt":true,"recent_posts":true,"tags":true,"blog_tags_":"Beauty,\n Cotton,\n Fashion,\n Style, \nWomen","show_share_buttons":true}},"blog-template-2":{"type":"blog-template-2","blocks":{"1566552992577":{"type":"blog","settings":{"blog":"classic"}},"1566552998993":{"type":"blog","settings":{"blog":"home-1"}},"1566553004030":{"type":"blog","settings":{"blog":"news"}}},"block_order":["1566552992577","1566552998993","1566553004030"],"settings":{"width_section":"container","width_content":false,"use_masonry":false,"blog_show_author":true,"blog_show_date":true,"items_per_row":"2","catt":true,"show_share_buttons":true}},"article-template-fullwidth":{"type":"article-template-fullwidth","settings":{"width_section":"w-100","width_content":true,"blog_show_author":true,"blog_show_date":true,"show_share_buttons":true,"recent_posts":true,"autoplay":false,"use_navigation":false,"nav_style":"-default","nav_mode":"default","nav_position":"nav-default","use_dots":false,"dots_mode":"default","dots_position":"inside","responsive":"{\n  \"0\": {\n    \"slidesPerView\": 1,\n    \"spaceBetween\": 0\n  },\n  \"320\": {\n    \"slidesPerView\": 2,\n    \"spaceBetween\": 10\n  },\n  \"768\": {\n    \"slidesPerView\": 2,\n    \"spaceBetween\": 20\n  },\n  \"992\": {\n    \"slidesPerView\": 3,\n    \"spaceBetween\": 20\n  },\n  \"1200\": {\n    \"slidesPerView\": 4,\n    \"spaceBetween\": 20\n  }\n}"}},"article-template-fullwitdh-sidebar":{"type":"article-template-fullwitdh-sidebar","settings":{"width_section":"container","width_content":false,"blog_show_author":true,"blog_show_date":true,"items_per_row":"1","autoplay":false,"use_navigation":false,"nav_style":"-default","nav_mode":"default","nav_position":"nav-default","use_dots":false,"dots_mode":"default","dots_position":"inside","responsive":"{\n  \"0\": {\n    \"slidesPerView\": 1,\n    \"spaceBetween\": 20\n  },\n  \"320\": {\n    \"slidesPerView\": 1,\n    \"spaceBetween\": 20\n  },\n  \"768\": {\n    \"slidesPerView\": 2,\n    \"spaceBetween\": 20\n  },\n  \"992\": {\n    \"slidesPerView\": 3,\n    \"spaceBetween\": 20\n  },\n  \"1200\": {\n    \"slidesPerView\": 3,\n    \"spaceBetween\": 20\n  }\n}","search":true,"catt":true,"recent_posts":true,"tags":true,"blog_tags_":"Beauty,\n Cotton,\n Fashion,\n Style, \nWomen","show_share_buttons":true}},"1566404133629":{"type":"md_icon_boxes","blocks":{"1566547298816":{"type":"item_icon_side","settings":{"icon_font":"fkt-truck","title":"Payment & Delivery","content":"Free shipping for orders over $50"}},"1566547302546":{"type":"item_icon_side","settings":{"icon_font":"fkt-rotate-left","title":"Return & Refund","content":"Free 100% money back guarantee"}},"1566547305340":{"type":"item_icon_side","settings":{"icon_font":"fkt-headphones","title":"Quality Support","content":"Alway online feedback 24\/7"}},"1566547307469":{"type":"item_icon_side","settings":{"icon_font":"fkt-envelope","title":"Join Our Newsletter","content":"10% off by subscribing to our newsletter"}}},"block_order":["1566547298816","1566547302546","1566547305340","1566547307469"],"settings":{"title":"Icon Boxes","off_mobile":false,"off_desktop":false,"width_section":"w-100","width_content":true,"section_margin_top":"","section_margin_bottom":"","section_padding":".5rem 0 2.5rem","section_bg":"#ffffff","section_bg_op":0,"color_icon":"#999999","color_title":"#999999","color_desc":"#999999","title_font_weight":"600","use_slide":true,"responsive":"{\n  \"0\": {\n    \"slidesPerView\": 1,\n    \"spaceBetween\": 10\n  },\n  \"320\": {\n    \"slidesPerView\": 1,\n    \"spaceBetween\": 10\n  },\n  \"476\": {\n    \"slidesPerView\": 2,\n    \"spaceBetween\": 10\n  },\n  \"768\": {\n    \"slidesPerView\": 2,\n    \"spaceBetween\": 10\n  },\n  \"992\": {\n    \"slidesPerView\": 3,\n    \"spaceBetween\": 10\n  },\n  \"1200\": {\n    \"slidesPerView\": 4,\n    \"spaceBetween\": 10\n  }\n}"}},"list-collections-template":{"type":"list-collections-template","blocks":{"1571033171925":{"type":"collection","settings":{"collection":"dresses","img":"","block_width":"6"}},"1571033194233":{"type":"collection","settings":{"collection":"t-shirts","img":"","block_width":"3"}},"1571033219338":{"type":"collection","settings":{"collection":"jeans","img":"","block_width":"3"}},"1571033237801":{"type":"collection","settings":{"collection":"bags","img":"","block_width":"6"}},"1571033297664":{"type":"collection","settings":{"collection":"jackets","img":"","block_width":"6"}},"1571033252709":{"type":"collection","settings":{"collection":"sportwear","img":"","block_width":"3"}},"1571033321968":{"type":"collection","settings":{"collection":"shoes","img":"","block_width":"6"}},"1571033345507":{"type":"collection","settings":{"collection":"jumpers","img":"","block_width":"3"}}},"block_order":["1571033171925","1571033194233","1571033219338","1571033237801","1571033297664","1571033252709","1571033321968","1571033345507"],"settings":{"list_coll_width_section":"container","list_coll_width_content":true,"display_type":"selected","sort":"alphabetical","grid":"3"}},"newsletter-popup":{"type":"newsletter-popup","settings":{"use_banner":true,"popup_newsletter_banner":"shopify:\/\/shop_images\/product-menu.jpg","popup_newsletter_logo":"shopify:\/\/shop_images\/logo_e030e74e-482e-4de1-be8e-b200cb22b36f.png","popup_newsletter_title":"GET <span class=\"text-primary\">25<light>%<\/light><\/span> OFF","popup_newsletter_description":"<p>Subscribe to the Molla eCommerce newsletter to<br\/> receive timely updates from your favorite products.<\/p>","time_popup_delay":"10","scroll_popup_delay":"800"}},"newsletter-popup-2":{"type":"newsletter-popup-2","settings":{"popup_newsletter_title":"Subscribe Us to receive a Voucher","popup_newsletter_description":"<p>Get 15% off first purchase!<\/p>","time_popup_delay":"15000","scroll_popup_delay":"800"}},"1591244978544":{"type":"md_call_to_action","blocks":{"1593765171033":{"type":"design_7","settings":{"title":"Join Our Newsletter","description":"Lorem ipsum dolor sit amet adipiscing.","style_btn":"btn-primary","style_btn_rounded":"btn-rounded","btn_shadow":false,"btn_name_cta":"SUBSCRIBE<i class=\"fkt-long-arrow-right\"><\/i>"}}},"block_order":["1593765171033"],"settings":{"title":"Call to Action","off_mobile":false,"off_desktop":false,"width_section":"w-100","width_content":true,"section_margin_top":"","section_margin_bottom":"","section_padding":"","section_bg":"#222222","section_bg_op":1,"use_round":false,"color_title":"#ffffff","color_desc":"#999999","color_text_input":"#999999","color_border_input":"#ebebeb","color_placeholder":"#999999","color_bg_input":"#ffffff","preview":false}},"1591255089575":{"type":"kt_HTML","settings":{"title":"Section Customize","off_mobile":false,"off_desktop":false,"width_section":"w-100","width_content":true,"section_margin_top":"","section_margin_bottom":"","section_padding":"","section_bg":"","section_bg_op":1,"border_top":true,"border_bottom":false,"border_color":"#ebebeb","text":"","page":""}},"cart-template":{"type":"cart-template","settings":{"width_section":"container","width_content":false}},"1592039371065":{"type":"kt_HTML","settings":{"title":"Section Customize","off_mobile":false,"off_desktop":false,"width_section":"w-100","width_content":true,"section_margin_top":"","section_margin_bottom":"","section_padding":"","section_bg":"#ffffff","section_bg_op":1,"border_top":true,"border_bottom":false,"border_color":"#ebebeb","text":"","page":""}},"kt_bottom_bar":{"type":"kt_bottom_bar","blocks":{"1592474173956":{"type":"item","settings":{"system_icon":"","custom_icon_font":"","link":"\/","title":"Home"}},"1592461034866":{"type":"item","settings":{"system_icon":"bars","custom_icon_font":"","title":"Category"}},"1592474714724":{"type":"item","settings":{"system_icon":"filter","custom_icon_font":"","title":"Filter"}},"1592461041101":{"type":"item","settings":{"system_icon":"wishlist","custom_icon_font":"","title":"Wishlist"}},"1592461043938":{"type":"item","settings":{"system_icon":"cart","custom_icon_font":"","title":"Cart"}},"1592461058055":{"type":"item","settings":{"system_icon":"user","custom_icon_font":"","title":"User"}},"1592461038251":{"type":"item","settings":{"system_icon":"compare","custom_icon_font":"","title":"Compare"}}},"block_order":["1592474173956","1592461034866","1592474714724","1592461041101","1592461043938","1592461058055","1592461038251"],"settings":{}},"1592551122488":{"type":"md_banner_template_1","blocks":{"1592551137021":{"type":"3","settings":{"turnoff":false,"title":"Banner type 3","content_type":"type_6","banner-effect":"","image_1":"shopify:\/\/shop_images\/banner_bg-1-h-26.jpg","stitle_1":"Headphone Savings","color_stitle_1":"#ffffff","titlex_1":"Headphone<br>Trending JBL<br>Harman","color_titlex_1":"#ffffff","name_btn_1":"<strong>Shop Now<\/strong><i class=\"fkt-long-arrow-right\"><\/i>","style_btn_1":"btn-secondary","style_btn_rounded_1":"btn-rounded","btn_shadow_1":false,"image_2":"shopify:\/\/shop_images\/banner_bg-h-26.jpg","stitle_2":"Weekend Sale","color_stitle_2":"#222222","titlex_2":"Home Furnishings<br>Outdoor & Office","color_titlex_2":"#222222","name_btn_2":"<strong>Shop Now<\/strong><i class=\"fkt-long-arrow-right\"><\/i>","style_btn_2":"btn-secondary","style_btn_rounded_2":"btn-rounded","btn_shadow_2":false,"image_3":"shopify:\/\/shop_images\/img_bg-h-26.jpg","stitle_3":"Amazing Value","color_stitle_3":"#efefef","titlex_3":"Clothes Trending<br>Spring \/ Summer<br>\n<span class=\"font-weight-normal\" style=\"color: var(--secondary)\">from $12,99<\/span>","color_titlex_3":"#ffffff","name_btn_3":"<strong>Discover Now<\/strong><i class=\"fkt-long-arrow-right\"><\/i>","style_btn_3":"btn-white","style_btn_rounded_3":"btn-rounded","btn_shadow_3":false,"css":""}}},"block_order":["1592551137021"],"settings":{"title":"Banner template 1","off_mobile":false,"off_desktop":false,"width_section":"w-100","width_content":true,"section_margin_top":"","section_margin_bottom":"","section_padding":"1rem 0 0","section_bg":"#ffffff","section_bg_op":0,"preview":false}},"1592552083889":{"type":"md_list_item_cattegories_1","blocks":{"1593594703333":{"type":"item_title","settings":{"title_section":"Explore Popular Categories","stitle_section":"","reverse":false,"title_align":"text-center","name_link":"","style_link":""}},"1592552083889-0":{"type":"item","settings":{"icon_svg_1":"t-shirt","link_1":"shopify:\/\/collections\/meat-h28-1","title_1":"Meat","icon_svg_2":"desktop","link_2":"shopify:\/\/collections\/fruits-h28-1","title_2":"Fruits"}},"1592552197943":{"type":"item","settings":{"icon_svg_1":"lamp-2","link_1":"shopify:\/\/collections\/bakery-h28-1","title_1":"Bakery","icon_svg_2":"smartphones","link_2":"shopify:\/\/collections\/vegetable-h28-1","title_2":"Vegetable"}},"1592552238252":{"type":"item","settings":{"icon_svg_1":"monitor","link_1":"shopify:\/\/collections\/seafood-h28-1","title_1":"Seafood","icon_svg_2":"blender","link_2":"shopify:\/\/collections\/drinks-h28-1","title_2":"Drinks"}},"1592552297125":{"type":"item","settings":{"icon_svg_1":"couch","link_1":"shopify:\/\/collections\/dairy-cheese-h28-1","title_1":"Dairy & Cheese","icon_svg_2":"controller-1","link_2":"shopify:\/\/collections\/wine-h28-1","title_2":"Wine"}}},"block_order":["1593594703333","1592552083889-0","1592552197943","1592552238252","1592552297125"],"settings":{"off_mobile":false,"off_desktop":false,"title":"List categories","width_section":"w-100","width_content":true,"section_margin_top":"","section_margin_bottom":"","section_padding":"4rem 0 4rem","section_bg":"","section_bg_op":1,"content_type":"type_3"}},"1566375748123":{"type":"md_brand","blocks":{"1566375770693":{"type":"item","settings":{"image":"shopify:\/\/shop_images\/logo-2.png"}},"1566375778375":{"type":"item","settings":{"image":"shopify:\/\/shop_images\/logo-4.png"}},"1566375785672":{"type":"item","settings":{"image":"shopify:\/\/shop_images\/logo-3.png"}},"1566375792262":{"type":"item","settings":{"image":"shopify:\/\/shop_images\/logo-8.png"}},"1566375798087":{"type":"item","settings":{"image":"shopify:\/\/shop_images\/logo98.png"}},"1566375854429":{"type":"item","settings":{"image":"shopify:\/\/shop_images\/logo-1.png"}},"1566375861746":{"type":"item","settings":{"image":"shopify:\/\/shop_images\/logo-6.png"}},"1566375867631":{"type":"item","settings":{"image":"shopify:\/\/shop_images\/logo.png"}},"1566375873048":{"type":"item","settings":{"image":"shopify:\/\/shop_images\/logo-5.png"}},"1566375877804":{"type":"item","settings":{"image":"shopify:\/\/shop_images\/logo-7.png"}}},"block_order":["1566375770693","1566375778375","1566375785672","1566375792262","1566375798087","1566375854429","1566375861746","1566375867631","1566375873048","1566375877804"],"settings":{"title":"Brand","off_section":false,"off_mobile":false,"off_desktop":false,"width_section":"w-100","width_content":true,"section_margin_top":"","section_margin_bottom":"","section_padding":"2rem 0","section_bg":"#ffffff","section_bg_op":1,"brand_style":"type01","autoplay":false,"use_navigation":true,"nav_style":"1","nav_mode":"default","nav_position":"nav-default","use_dots":false,"dots_mode":"default","dots_position":"outside","responsive":"{\n  \"0\": {\n    \"slidesPerView\": 2,\n    \"spaceBetween\": 0\n  },\n  \"480\": {\n    \"slidesPerView\": 3,\n    \"spaceBetween\": 0\n  },\n  \"768\": {\n    \"slidesPerView\": 4,\n    \"spaceBetween\": 0\n  },\n  \"992\": {\n    \"slidesPerView\": 5,\n    \"spaceBetween\": 0\n  },\n  \"1200\": {\n    \"slidesPerView\": 6,\n    \"spaceBetween\": 0\n  }\n}"}},"1592808951937":{"type":"md_blog","blocks":{"1592808966892":{"type":"title","settings":{"title_section":"From Our Blog","stitle_section":"","reverse":false,"title_align":"","link_to":"shopify:\/\/blogs\/food","name_link":"<span style=\"color: #999\">VIEW MORE POST <i class=\"fkt-long-arrow-right\"><\/i><\/span>","style_link":"","margin_btitle":3}},"1592809026654":{"type":"6","settings":{"blog":"market-2","limit":8,"content_align":"","margin_btitle":1.6,"use_date":true,"use_content":true,"use_readmore":false,"use_bg":false,"use_shadow":false,"limit_per_row":4,"use_slide":true,"autoplay":false,"use_navigation":true,"nav_style":"-default","nav_mode":"default","nav_position":"nav-default","use_dots":false,"dots_mode":"default","dots_position":"inside","responsive":"{\n  \"0\": {\n    \"slidesPerView\": 1,\n    \"spaceBetween\": 20\n  },\n  \"320\": {\n    \"slidesPerView\": 1,\n    \"spaceBetween\": 20\n  },\n  \"768\": {\n    \"slidesPerView\": 2,\n    \"spaceBetween\": 20\n  },\n  \"992\": {\n    \"slidesPerView\": 3,\n    \"spaceBetween\": 20\n  },\n  \"1200\": {\n    \"slidesPerView\": 4,\n    \"spaceBetween\": 20\n  }\n}","load_btn":false,"style_btn":"btn-outline-darker","style_btn_rounded":"","btn_shadow":false}}},"block_order":["1592808966892","1592809026654"],"settings":{"title":"Related post","off_mobile":false,"off_desktop":false,"width_section":"w-100","width_content":true,"section_margin_top":"","section_margin_bottom":"","section_padding":"6rem 0","section_bg":"#ffffff","section_bg_op":1,"fweight_title":"600","fsize_stitle":1.8,"color_title":"#222222","margin_btitle":1.5,"fweight_description":"300","fsize_description":1.4,"color_desc":"#999999","margin_bdescription":0.8,"use_lazyload":true}},"1593143507209":{"type":"md_product_section_sale_1","blocks":{"1593143524456":{"type":"item","settings":{"title_section":"Today’s Best Deal","stitle_section":"","reverse":false,"title_align":"text-center","name_link":"","style_link":"","margin_btitle":3,"stock_countdown":false,"time_countdown":"","products":"today-s-best-deal-h26-1","limit":8,"load_btn":false,"style_btn":"btn-outline-darker","style_btn_rounded":"","btn_shadow":false,"autoplay":false,"use_navigation":true,"nav_style":"-default","nav_mode":"default","nav_position":"nav-default","use_dots":false,"dots_mode":"default","dots_position":"inside","responsive":"{\n  \"0\": {\n    \"slidesPerView\": 1,\n    \"spaceBetween\": 0\n  },\n  \"576\": {\n    \"slidesPerView\": 2,\n    \"spaceBetween\": 0\n  },\n  \"768\": {\n    \"slidesPerView\": 3,\n    \"spaceBetween\": 0\n  },\n  \"992\": {\n    \"slidesPerView\": 4,\n    \"spaceBetween\": 0\n  },\n  \"1200\": {\n    \"slidesPerView\": 5,\n    \"spaceBetween\": 0\n  }\n}"}}},"block_order":["1593143524456"],"settings":{"title":"Products sale 1","off_mobile":false,"off_desktop":false,"width_section":"w-100","width_content":true,"section_margin_top":"","section_margin_bottom":"","section_padding":"5rem 0","section_bg":"#fafafa","section_bg_op":1,"use_lazyload":true,"product_grid_layout":"28 p-style-28_"}},"1593501530615":{"type":"kt_slideshowCategoryBanner","blocks":{"1593501530615-0":{"type":"image","settings":{"image":"shopify:\/\/shop_images\/slide_bg_592be838-8238-4f00-903b-e6b78752ca25.jpg","lazypreload":true,"heading":"Trade-In Offer","font_heading":"poppins_n4","subheading":"Multi-motion<br>\nFood Processor","font_subheading":"poppins_n7","description":"<sup class=\"intro-old-price\">From <span class=\"text-primary\">$<\/span><\/sup>\n<span class=\"text-primary\">199<sup>.99<\/sup>\n<\/span>","font_description":"poppins_n6","text_alignment_top":50,"text_alignment_left":16,"text_alignment":"","text_alignment_top_mb":16,"text_alignment_left_mb":16,"text_alignment_mb":"","style_btn_1":"btn-secondary","style_btn_rounded_1":"btn-rounded","btn_shadow_1":false,"link_1":"#","textBtn_1":"SHOP NOW <i class=\"fkt-long-arrow-right\"><\/i>","style_btn_2":"btn-outline-primary-2","style_btn_rounded_2":"","btn_shadow_2":false,"textBtn_2":"","turnoff":false,"title":"Item image","width_section":true,"css_block":".block_id {}"}},"1593590234813":{"type":"image","settings":{"image":"shopify:\/\/shop_images\/slide-bg-2.jpg","lazypreload":false,"heading":"new arrivals","font_heading":"poppins_n7","subheading":"New Collection!<br>\nAir More Uptempo","font_subheading":"poppins_n7","description":"<sup class=\"intro-old-price\">From $<\/sup>\n<span>79<sup>.99<\/sup>\n<\/span>","font_description":"poppins_n6","text_alignment_top":50,"text_alignment_left":16,"text_alignment":"","text_alignment_top_mb":16,"text_alignment_left_mb":16,"text_alignment_mb":"","style_btn_1":"btn-secondary","style_btn_rounded_1":"btn-rounded","btn_shadow_1":false,"link_1":"#","textBtn_1":"SHOP NOW <i class=\"fkt-long-arrow-right\"><\/i>","style_btn_2":"btn-outline-primary-2","style_btn_rounded_2":"","btn_shadow_2":false,"textBtn_2":"","turnoff":false,"title":"Item image","width_section":true,"css_block":".block_id {}"}},"1593593328199":{"type":"image","settings":{"image":"shopify:\/\/shop_images\/slide_bg_3.jpg","lazypreload":false,"heading":"Design special","font_heading":"poppins_n7","subheading":"Lamps Made<br>Of Natural Materials","font_subheading":"poppins_n7","description":"Extra 25% Off","font_description":"poppins_n3","text_alignment_top":50,"text_alignment_left":16,"text_alignment":"","text_alignment_top_mb":16,"text_alignment_left_mb":16,"text_alignment_mb":"","style_btn_1":"btn-secondary","style_btn_rounded_1":"btn-rounded","btn_shadow_1":false,"link_1":"#","textBtn_1":"SHOP NOW <i class=\"fkt-long-arrow-right\"><\/i>","style_btn_2":"btn-outline-primary-2","style_btn_rounded_2":"","btn_shadow_2":false,"textBtn_2":"","turnoff":false,"title":"Item image","width_section":true,"css_block":".block_id {}"}},"1593501895384":{"type":"banner","settings":{"image":"shopify:\/\/shop_images\/Banner_a687129a-dbbe-41a1-a99c-b7292ed0d1fa.jpg"}}},"block_order":["1593501530615-0","1593590234813","1593593328199","1593501895384"],"settings":{"title":"Slideshow + Category + Banner","off_mobile":false,"off_desktop":false,"width_section":"w-100","width_content":true,"section_margin_top":"","section_margin_bottom":"","section_padding":"2rem 0","section_bg":"#fafafa","section_bg_op":1,"title_categories":"Browse Categories","categories_dropdown":true,"no_overflow":false,"fullscreen":false,"autoplay":false,"use_navigation":true,"nav_style":"-default","nav_mode":"default","nav_position":"nav-default","use_dots":false,"dots_mode":"default","use_scrollbar":false,"h_reponsive":"486","h_reponsive_768":"","h_reponsive_992":"","h_reponsive_1200":"auto","h_reponsive_1400":"","autoplay_speed":7,"responsive":"{\n  \"0\": {\n    \"slidesPerView\": 1,\n    \"spaceBetween\": 10\n  },\n  \"320\": {\n    \"slidesPerView\": 1,\n    \"spaceBetween\": 10\n  },\n  \"768\": {\n    \"slidesPerView\": 1,\n    \"spaceBetween\": 10\n  },\n  \"992\": {\n    \"slidesPerView\": 1,\n    \"spaceBetween\": 10\n  },\n  \"1200\": {\n    \"slidesPerView\": 1,\n    \"spaceBetween\": 10\n  }\n}","css_section":".section_id .slideshow__title{\n  font-size: 1.3rem;\n  letter-spacing: .01em;\n  margin-bottom: .5rem;\ntext-transform: uppercase;\n}\n.section_id .slideshow__subtitle{\n  color: #333;\n  font-size: 4rem;\n  line-height: 1.2;\n  letter-spacing: -.03em;\n  margin-bottom: 1.2rem;\n}\n.section_id .slideshow__description{\n  color: #333333;\n  font-size: 3.5rem;\n  line-height: 1.2;\n  letter-spacing: -.025em;\n  margin-bottom: 1rem;\n}\n.section_id .slideshow__description sup{\n  font-size: 2rem;\n  top: -.7em;\n  font-weight: 400;\n}\n.section_id .btn{\n  font-weight: 600;\n}\n@media screen and (min-width: 768px){\n.section_id .slideshow__description{\n  font-size: 4rem;\n}\n}"}},"1593853075695":{"type":"md_banner_template_1","blocks":{"1593853100309":{"type":"5","settings":{"turnoff":false,"title":"Banner type 5","content_type":"type_5","banner-effect":"banner-effect2","image_1":"shopify:\/\/shop_images\/banner_bg-1-h-26-1.jpg","stitle_1":"Spring Sale is Coming","color_stitle_1":"#ffffff","titlex_1":"<strong>All Smartwatches<br>& Accessories Discount  <\/strong> <br>\n<span style=\"color: var(--secondary)\">15% off<\/span>","color_titlex_1":"#ffffff","name_btn_1":"<strong>SHOP NOW<\/strong> <i class=\"fkt-long-arrow-right\"><\/i>","style_btn_1":"btn-secondary","style_btn_rounded_1":"btn-rounded","btn_shadow_1":false,"image_2":"shopify:\/\/shop_images\/banner_bg-h-26-1.jpg","stitle_2":"Amazing Value","color_stitle_2":"#ffffff","titlex_2":"<strong>Headphones Trending<br> Audio-Technica Professional<\/strong><br>\n<span style=\"color: var(--secondary)\">from $129,99<\/span>","color_titlex_2":"#ffffff","name_btn_2":"<strong>SHOP NOW<\/strong> <i class=\"fkt-long-arrow-right\"><\/i>","style_btn_2":"btn-secondary","style_btn_rounded_2":"btn-rounded","btn_shadow_2":false}}},"block_order":["1593853100309"],"settings":{"title":"Banner template 1","off_mobile":false,"off_desktop":false,"width_section":"w-100","width_content":true,"section_margin_top":"","section_margin_bottom":"6rem","section_padding":"","section_bg":"","section_bg_op":1,"preview":false}},"1593857416595":{"type":"kt_HTML","settings":{"title":"Section Customize","off_mobile":false,"off_desktop":false,"width_section":"container","width_content":false,"section_margin_top":"","section_margin_bottom":"4.5rem","section_padding":"3.5rem 0","section_bg":"","section_bg_op":1,"image":"shopify:\/\/shop_images\/banner_bg-h-26-1-2.jpg","border_top":false,"border_bottom":false,"border_color":"#ebebeb","text":"<div class=\"text-content text-center\" style=\"color: #fff;font-size: 1.3rem\">\n<div class=\"stitle\">\nDiscount\n<\/div>\n<div class=\"title font-weight-bold\" style=\"line-height: 1.3;font-size: 2rem\">\nNew Lower Prices On Hundreds <br> Of Home Furnishings\n<\/div>\n<div class=\"description text-uppercase font-weight-light\" style=\"color: var(--secondary);font-size: 4rem\">\nSale up 35% off\n<\/div>\n<\/div>","page":""}},"1594192395496":{"type":"md_product_section_tab_slide_banner_3","blocks":{"1594192395496-0":{"type":"item","settings":{"title":"Electronics","stitle":"","margin_btitle":3,"products_1":"cell-phonesh-26-2","products_2":"computers-h26-2","products_3":"tv-video-h26-2","products_4":"smart-home-h26-2","products_5":"audio-h26-2","products_6":"home-audio-theater-h26-2","limit":8,"load_btn":false,"style_btn":"btn-outline-darker","style_btn_rounded":"","btn_shadow":false,"autoplay":false,"use_navigation":true,"nav_style":"1","nav_mode":"default","nav_position":"nav-center-center","use_dots":false,"dots_mode":"default","dots_position":"inside","responsive":"{\n  \"0\": {\n    \"slidesPerView\": 1,\n    \"spaceBetween\": 0\n  },\n  \"576\": {\n    \"slidesPerView\": 2,\n    \"spaceBetween\": 0\n  },\n  \"768\": {\n    \"slidesPerView\": 3,\n    \"spaceBetween\": 0\n  },\n  \"992\": {\n    \"slidesPerView\": 4,\n    \"spaceBetween\": 0\n  },\n  \"1200\": {\n    \"slidesPerView\": 5,\n    \"spaceBetween\": 0\n  },\n  \"1400\": {\n    \"slidesPerView\": 6,\n    \"spaceBetween\": 0\n  }\n}"}},"1594192395496-1":{"type":"item_banner_1","settings":{"position_in_slide":5,"image":"shopify:\/\/shop_images\/img_bg__slide.jpg","use_content_banner":true,"flash_label":"Best Deal","titlex":"<span style=\"color: #222\">Apple Watch Starting at $199<\/span>","name_btn":"DISCOVER NOW<i class=\"fkt-long-arrow-right\"><\/i>","style_btn":"btn-secondary","style_btn_rounded":"btn-rounded","btn_shadow":true}}},"block_order":["1594192395496-0","1594192395496-1"],"settings":{"title":"Tab slide(grid) +Banner 3","off_mobile":false,"off_desktop":false,"width_section":"container","width_content":false,"section_margin_top":"","section_margin_bottom":"4.5rem","section_padding":"","section_bg":"","section_bg_op":1,"use_lazyload":true,"product_grid_layout":""}},"1594265322047":{"type":"md_product_section_tab_slide_banner_3","blocks":{"1594265322047-0":{"type":"item","settings":{"title":"Fashion & Clothing","stitle":"","margin_btitle":3,"products_1":"best-sellers-26-3","products_2":"trending-h26-3","products_3":"women-h26-3","products_4":"man-h26-3","products_5":"shoes-h26-3","products_6":"accessories-h26-3","limit":8,"load_btn":false,"style_btn":"btn-outline-darker","style_btn_rounded":"","btn_shadow":false,"autoplay":false,"use_navigation":true,"nav_style":"-default","nav_mode":"default","nav_position":"nav-default","use_dots":false,"dots_mode":"default","dots_position":"inside","responsive":"{\n  \"0\": {\n    \"slidesPerView\": 1,\n    \"spaceBetween\": 0\n  },\n  \"576\": {\n    \"slidesPerView\": 2,\n    \"spaceBetween\": 0\n  },\n  \"768\": {\n    \"slidesPerView\": 3,\n    \"spaceBetween\": 0\n  },\n  \"992\": {\n    \"slidesPerView\": 4,\n    \"spaceBetween\": 0\n  },\n  \"1200\": {\n    \"slidesPerView\": 5,\n    \"spaceBetween\": 0\n  },\n  \"1400\": {\n    \"slidesPerView\": 6,\n    \"spaceBetween\": 0\n  }\n}"}},"1594265322047-1":{"type":"item_banner_1","settings":{"position_in_slide":2,"image":"shopify:\/\/shop_images\/img_bg_77f4b9ae-19be-4416-9915-65a39b0ef555.jpg","use_content_banner":true,"flash_label":"Best Deal","titlex":"<span style=\"color: #FFF\">Women’s Sportswear & Joggers <\/span>","name_btn":"DISCOVER NOW<i class=\"fkt-long-arrow-right\"><\/i>","style_btn":"btn-secondary","style_btn_rounded":"btn-rounded","btn_shadow":false}}},"block_order":["1594265322047-0","1594265322047-1"],"settings":{"title":"Tab slide(grid) +Banner 3","off_mobile":false,"off_desktop":false,"width_section":"container","width_content":false,"section_margin_top":"","section_margin_bottom":"4.5rem","section_padding":"","section_bg":"","section_bg_op":1,"use_lazyload":true,"product_grid_layout":""}},"1594371306196":{"type":"md_product_section_show_4","blocks":{"1594371306196-0":{"type":"item","settings":{"name_link":"VIEW MORE <i class=\"fkt-long-arrow-right\"><\/i>","products":"new-arrivals-h26-4","limit":3}},"1594371319044":{"type":"item","settings":{"name_link":"VIEW MORE <i class=\"fkt-long-arrow-right\"><\/i>","products":"recommended-products-h26-1","limit":3}},"1594371322592":{"type":"item","settings":{"name_link":"VIEW MORE <i class=\"fkt-long-arrow-right\"><\/i>","products":"expert-picks-h26-4","limit":3}}},"block_order":["1594371306196-0","1594371319044","1594371322592"],"settings":{"off_mobile":false,"off_desktop":false,"title":"Show(list)","width_section":"container","width_content":false,"section_margin_top":"","section_margin_bottom":"4.5rem","section_padding":"","section_bg":"","section_bg_op":1}},"kt_mega_mn-vertical":{"type":"kt_mega_mn-vertical","blocks":{"63159770-24a1-4584-bfab-fe7cc5b58b5a":{"type":"promo","settings":{"name_item":"Electronics","icon_font":"fkt-laptop","label":"","menu_links_width":"893px","sub_width":8,"menu_links":"electronics-1","menu_links_per_col":"2","promo_width":4,"promo_image":"shopify:\/\/shop_images\/banner-1_b8dc6a2b-bfa2-402d-a3e9-27803eb31ccd.jpg","promo_link":"#","use_promo_html":false,"page_promo_html":"","textarea_promo_html":""}},"005c05a8-2568-403f-ba4c-54944de8aea3":{"type":"promo","settings":{"name_item":"Furniture","icon_font":"fkt-couch","label":"","menu_links_width":"893px","sub_width":8,"menu_links":"furniture-1","menu_links_per_col":"2","promo_width":4,"promo_image":"shopify:\/\/shop_images\/banner-2_0b0e71d5-bade-41cc-acf9-a5eef728d5bb.jpg","promo_link":"#","use_promo_html":false,"page_promo_html":"","textarea_promo_html":""}},"15880cc9-f229-4774-8928-2aead2e0bb01":{"type":"parent","settings":{"title_i":"Cooking","icon_font":"fkt-concierge-bell","label":"","menu_links_width":"893px","title":"Parent"}},"650f327f-c48e-4992-acc0-40ac277e84f5":{"type":"linklist","settings":{"title_i":"","menu_links":"cooking-1","menu_links_per_col":"3","sub_width":12,"title":"Linklist (child)"}},"7c5e1af3-096d-4510-89ce-a9a47832da37":{"type":"banner","settings":{"banner-effect":"","title_i":"","menu_links":"cooking-banners","per_col":"3","sub_width":12,"title":"Banner (child)"}},"abaf1da0-fde2-456c-9bb1-c757ff0a048c":{"type":"parent","settings":{"title_i":"Clothing","icon_font":"fkt-tshirt","label":"","menu_links_width":"893px","title":"Parent"}},"dc79e960-74fc-44b5-a0e7-6180dc617d99":{"type":"linklist","settings":{"title_i":"","menu_links":"clothing-1","menu_links_per_col":"2","sub_width":8,"title":"Linklist (child)"}},"f297c2b6-3738-4846-9545-31660218ae57":{"type":"banner","settings":{"banner-effect":"","title_i":"","menu_links":"","per_col":"3","image_1":"shopify:\/\/shop_images\/banner-3_7968957d-bd81-4cf5-91e2-f9fe548810a6.jpg","sub_width":4,"title":"Banner (child)"}},"dceda613-9ba9-444e-abc4-f12f8c653846":{"type":"html","settings":{"page_promo_html":"","textarea_promo_html":"<div class=\"border-top\"><\/div>","sub_width":12,"title":"HTML (child)"}},"9bbcfe0d-3cae-45b2-b1c7-292ca608d257":{"type":"banner","settings":{"banner-effect":"","title_i":"","menu_links":"clothing-banner","per_col":"6","sub_width":12,"title":"Banner (child)"}},"1395346d-c97d-4c86-8fd1-61ee751c81a5":{"type":"link","settings":{"title":"Home Appliances","icon_font":"fkt-blender","label":""}},"c883a56c-ebff-4112-9e1b-ef5d1addb03d":{"type":"link","settings":{"title":"Healthy & Beauty","icon_font":"fkt-heartbeat","label":""}},"a635d26d-77be-4a58-a77a-593a76dd4f2f":{"type":"link","settings":{"title":"Shoes & Boots","icon_font":"fkt-shoe-prints","label":""}},"998f768e-97e5-40bb-9c18-4a9e428cf3db":{"type":"link","settings":{"title":"Travel & Outdoor","icon_font":"fkt-map-signs","label":""}},"4285d420-da46-4801-9fc3-61b22930981a":{"type":"link","settings":{"title":"Smart Phones","icon_font":"fkt-mobile-alt","label":""}},"06a108e2-6cf0-4ec7-874a-5cf6edd3b32c":{"type":"link","settings":{"title":"TV & Audio","icon_font":"fkt-tv","label":""}},"b9d30fd6-93e0-4f32-af88-4b3159cd076d":{"type":"link","settings":{"title":"Backpack & Bag","icon_font":"fkt-shopping-bag","label":""}},"0d271487-075e-4bf5-a561-5768e1f45a51":{"type":"link","settings":{"title":"Musical Instruments","icon_font":"fkt-music","label":""}},"91936039-1751-42b2-b207-96bbc3adca45":{"type":"link","settings":{"title":"Gift Ideas","icon_font":"fkt-gift","label":""}}},"block_order":["63159770-24a1-4584-bfab-fe7cc5b58b5a","005c05a8-2568-403f-ba4c-54944de8aea3","15880cc9-f229-4774-8928-2aead2e0bb01","650f327f-c48e-4992-acc0-40ac277e84f5","7c5e1af3-096d-4510-89ce-a9a47832da37","abaf1da0-fde2-456c-9bb1-c757ff0a048c","dc79e960-74fc-44b5-a0e7-6180dc617d99","f297c2b6-3738-4846-9545-31660218ae57","dceda613-9ba9-444e-abc4-f12f8c653846","9bbcfe0d-3cae-45b2-b1c7-292ca608d257","1395346d-c97d-4c86-8fd1-61ee751c81a5","c883a56c-ebff-4112-9e1b-ef5d1addb03d","a635d26d-77be-4a58-a77a-593a76dd4f2f","998f768e-97e5-40bb-9c18-4a9e428cf3db","4285d420-da46-4801-9fc3-61b22930981a","06a108e2-6cf0-4ec7-874a-5cf6edd3b32c","b9d30fd6-93e0-4f32-af88-4b3159cd076d","0d271487-075e-4bf5-a561-5768e1f45a51","91936039-1751-42b2-b207-96bbc3adca45"],"settings":{"title_categories":"Browse Categories","list_categories_2":"","list_categories_2_open":true}},"footer-extension":{"type":"footer-extension","settings":{}}},"content_for_index":["1593501530615","1566404133629","1591255089575","1592552083889","1592551122488","1593143507209","1593857416595","1594192395496","1594265322047","1593853075695","1594371306196","1566375748123","1592039371065","1592808951937","1591244978544"]}}