{"sections":{"main":{"type":"main-blog-6","blocks":{"1566524730954":{"type":"blog","settings":{"blog":"classic"}},"1566524742486":{"type":"blog","settings":{"blog":"news"}},"1566524752267":{"type":"sb_banner","settings":{"img":"shopify:\/\/shop_images\/banner.jpg","url":""}},"1566524777899":{"type":"sb_about","settings":{"html":"Vestibulum volutpat, lacus a ultrices sagittis, mi neque euismod dui, pulvinar nunc sapien ornare nisl."}}},"block_order":["1566524730954","1566524742486","1566524752267","1566524777899"],"settings":{"width_section":"w-100","width_content":true,"blog_show_author":true,"blog_show_date":true,"items_per_row":"1","search":true,"catt":true,"recent_posts":true,"tags":true,"blog_tags_":"Beauty,\n Cotton,\n Fashion,\n Style, \nWomen","show_share_buttons":true}}},"order":["main"]}