{"sections":{"main":{"type":"main-blog-2","blocks":{"1566552992577":{"type":"blog","settings":{"blog":"classic"}},"1566552998993":{"type":"blog","settings":{"blog":"home-1"}},"1566553004030":{"type":"blog","settings":{"blog":"news"}}},"block_order":["1566552992577","1566552998993","1566553004030"],"settings":{"width_section":"w-100","width_content":true,"use_masonry":false,"blog_show_author":true,"blog_show_date":true,"items_per_row":"1","catt":true,"show_share_buttons":true}}},"order":["main"]}