{"sections":{"1566403665924":{"type":"md_banner_template_1","blocks":{"1566532394619":{"type":"2","settings":{"turnoff":false,"title":"Banner type 2","grid_gutter":10,"image_1":"shopify:\/\/shop_images\/banner-1_166c7aab-1798-4a1a-9781-0eebce86384d.jpg","image_link_1":"","banner-effect-1":"","desc_1":"Clearence","color_desc_1":"#999999","titlex_1":"Coffee Tables","color_titlex_1":"#333333","stitle_1":"from $19.99","color_stitle_1":"#333333","name_btn_1":"SHOP NOW<i class=\"fkt-long-arrow-right\"><\/i>","style_btn_1":"btn-outline-gray","style_btn_rounded_1":"","btn_shadow_1":false,"image_2":"shopify:\/\/shop_images\/banner-2_19a566ef-3d3f-403e-baf1-2e0100d7d383.jpg","image_link_2":"","banner-effect-2":"","desc_2":"On Sale","color_desc_2":"#ffffff","titlex_2":"Kitchenware","color_titlex_2":"#ffffff","stitle_2":"from $39.00","color_stitle_2":"#ffffff","name_btn_2":"Discover Now<i class=\"fkt-long-arrow-right\"><\/i>","style_btn_2":"btn-underline","style_btn_rounded_2":"","btn_shadow_2":false,"image_3":"shopify:\/\/shop_images\/banner-3_994e8f4e-87cc-4172-bb1c-715bbaf43a37.jpg","image_link_3":"","banner-effect-3":"","desc_3":"Clearance","color_desc_3":"#999999","titlex_3":"Home Decor","color_titlex_3":"#222222","stitle_3":"up to 30% off","color_stitle_3":"#ffffff","name_btn_3":"Discover Now<i class=\"fkt-long-arrow-right\"><\/i>","style_btn_3":"btn-underline btn-underline-dark","style_btn_rounded_3":"","btn_shadow_3":false,"image_4":"shopify:\/\/shop_images\/banner-4_d2586afe-cc5e-4077-ab47-43d033645507.jpg","image_link_4":"","banner-effect-4":"","desc_4":"New Arrivals","color_desc_4":"#999999","titlex_4":"Collection<br>Chairs","color_titlex_4":"#333333","stitle_4":"from $39.00","color_stitle_4":"#333333","name_btn_4":"Shop Now<i class=\"fkt-long-arrow-right\"><\/i>","style_btn_4":"btn-underline btn-underline-dark","style_btn_rounded_4":"","btn_shadow_4":false}}},"block_order":["1566532394619"],"settings":{"title":"Banner template 1","off_mobile":false,"off_desktop":false,"width_section":"w-100","width_content":true,"section_margin_top":"6rem","section_margin_bottom":"","section_padding":"","section_bg":"#ffffff","section_bg_op":1,"preview":false}},"1566404133629":{"type":"md_icon_boxes","blocks":{"1566547298816":{"type":"item_icon_side","settings":{"icon_font":"fkt-rocket","title":"Free Shipping","content":"Orders $50 or more","url":""}},"1566547302546":{"type":"item_icon_side","settings":{"icon_font":"fkt-rotate-left","title":"Free Returns","content":"Within 30 days","url":""}},"1566547305340":{"type":"item_icon_side","settings":{"icon_font":"fkt-info-circle","title":"Get 20% Off 1 Item","content":"when you sign up","url":""}},"1566547307469":{"type":"item_icon_side","settings":{"icon_font":"fkt-life-ring","title":"We Support","content":"24\/7 amazing services","url":""}}},"block_order":["1566547298816","1566547302546","1566547305340","1566547307469"],"settings":{"title":"Icon Boxes","off_mobile":false,"off_desktop":false,"width_section":"w-100","width_content":true,"section_margin_top":"","section_margin_bottom":"","section_padding":"3rem 0","section_bg":"#fcf8e7","section_bg_op":1,"color_icon":"#333333","color_title":"#333333","color_desc":"#999999","title_font_weight":"400","use_slide":false,"responsive":"{\n  \"0\": {\n    \"slidesPerView\": 1,\n    \"spaceBetween\": 20\n  },\n  \"320\": {\n    \"slidesPerView\": 1,\n    \"spaceBetween\": 20\n  },\n  \"476\": {\n    \"slidesPerView\": 2,\n    \"spaceBetween\": 20\n  },\n  \"768\": {\n    \"slidesPerView\": 2,\n    \"spaceBetween\": 20\n  },\n  \"992\": {\n    \"slidesPerView\": 3,\n    \"spaceBetween\": 20\n  },\n  \"1200\": {\n    \"slidesPerView\": 4,\n    \"spaceBetween\": 20\n  }\n}"}},"1566437726874":{"type":"md_product_section_tab_slide","blocks":{"1566437735175":{"type":"item","settings":{"title":"","stitle":"","title_align":"text-center","margin_btitle":3,"products_1":"featured-h2-1","products_2":"on-sale-h2-1","products_3":"top-rated-h2-1","products_4":"","products_5":"","products_6":"","limit":8,"load_btn":false,"style_btn":"btn-outline-darker","style_btn_rounded":"","btn_shadow":false,"autoplay":false,"use_navigation":true,"nav_style":"-default","nav_mode":"default","nav_position":"nav-center-outside","use_dots":true,"dots_mode":"default","dots_position":"outside","responsive":"{\n  \"0\": {\n    \"slidesPerView\": 1,\n    \"spaceBetween\": 0\n  },\n  \"375\": {\n    \"slidesPerView\": 2,\n    \"spaceBetween\": 10\n  },\n  \"768\": {\n    \"slidesPerView\": 3,\n    \"spaceBetween\": 20\n  },\n  \"992\": {\n    \"slidesPerView\": 4,\n    \"spaceBetween\": 20\n  },\n  \"1200\": {\n    \"slidesPerView\": 5,\n    \"spaceBetween\": 20\n  },\n  \"1500\": {\n    \"slidesPerView\": 6,\n    \"spaceBetween\": 20\n  }\n}"}}},"block_order":["1566437735175"],"settings":{"off_mobile":false,"off_desktop":false,"title":"Products Tab(slide)","width_section":"container-fluid wide","width_content":false,"section_margin_top":"3.5rem","section_margin_bottom":"5rem","section_padding":"","section_bg":"","section_bg_op":0.5,"use_lazyload":true,"product_grid_layout":""}},"1566442643300":{"type":"md_call_to_action","blocks":{"1566547722361":{"type":"design_2","settings":{"title":"Get The Latest Deals","description":"and receive <span class=\"text-white\">$20 coupon<\/span> for first shopping","style_btn":"btn-primary","style_btn_rounded":"","btn_shadow":false,"btn_name_cta":"Subscribe<i class=\"fkt-long-arrow-right\"><\/i>"}}},"block_order":["1566547722361"],"settings":{"title":"Call to Action","off_mobile":false,"off_desktop":false,"width_section":"w-100","width_content":true,"section_margin_top":"","section_margin_bottom":"","section_padding":"4.5rem 0 4.5rem","section_bg":"","section_bg_op":1,"image":"shopify:\/\/shop_images\/parallax.jpg","use_round":false,"color_title":"#ffffff","color_desc":"#cccccc","color_text_input":"#999999","color_border_input":"#dadada","color_placeholder":"#999999","color_bg_input":"#ffffff","preview":false}},"1566371829835":{"type":"kt_slideshow","blocks":{"1566373570019-1":{"type":"image","settings":{"image":"shopify:\/\/shop_images\/img_bg-001.jpg","lazypreload":true,"heading":"Deals and Promotions","font_heading":"poppins_n3","subheading":"Wooden<br>\nSideboard Table","font_subheading":"poppins_n4","description":"","font_description":"poppins_n4","text_alignment_top":50,"text_alignment_left":0,"text_alignment":"","text_alignment_top_mb":50,"text_alignment_left_mb":0,"text_alignment_mb":"","style_btn_1":"btn-outline-gray","style_btn_rounded_1":"","btn_shadow_1":false,"link_1":"#","textBtn_1":"<span>SHOP NOW<\/span><i class=\"fkt-long-arrow-right\"><\/i>","style_btn_2":"btn-outline-primary-2","style_btn_rounded_2":"","btn_shadow_2":false,"link_2":"","textBtn_2":"","turnoff":false,"title":"Item image","width_section":true,"css_block":""}},"1566373570019-2":{"type":"image","settings":{"image":"shopify:\/\/shop_images\/slide-2_5a8a7a52-117c-42dd-95c8-c55690ceda60.jpg","lazypreload":false,"heading":"Bedroom Furniture","font_heading":"poppins_n3","subheading":"Find Comfort<br>\nThat Suits You.","font_subheading":"poppins_n4","description":"","font_description":"poppins_n4","text_alignment_top":50,"text_alignment_left":100,"text_alignment":"","text_alignment_top_mb":50,"text_alignment_left_mb":100,"text_alignment_mb":"","style_btn_1":"btn-outline-gray","style_btn_rounded_1":"","btn_shadow_1":false,"link_1":"#","textBtn_1":"<span>SHOP NOW<\/span><i class=\"fkt-long-arrow-right\"><\/i>","style_btn_2":"btn-outline-primary-2","style_btn_rounded_2":"","btn_shadow_2":false,"link_2":"","textBtn_2":"","turnoff":false,"title":"Item image","width_section":true,"css_block":""}},"1566373570019-3":{"type":"image","settings":{"image":"shopify:\/\/shop_images\/img_bg-003.jpg","lazypreload":false,"heading":"Baskets &amp; Storage","font_heading":"poppins_n3","subheading":"Laundry Baskets<br>\n<span class=\"text-primary\">                                    <sup class=\"font-weight-light\" style=\"color:#222\">from <\/sup><sup>$<\/sup>9,99                                <\/span>","font_subheading":"poppins_n4","description":"","font_description":"poppins_n4","text_alignment_top":50,"text_alignment_left":0,"text_alignment":"","text_alignment_top_mb":50,"text_alignment_left_mb":0,"text_alignment_mb":"","style_btn_1":"btn-outline-gray","style_btn_rounded_1":"","btn_shadow_1":false,"link_1":"#","textBtn_1":"<span>SHOP NOW<\/span><i class=\"fkt-long-arrow-right\"><\/i>","style_btn_2":"btn-outline-white","style_btn_rounded_2":"","btn_shadow_2":false,"link_2":"","textBtn_2":"","turnoff":false,"title":"Item image","width_section":true,"css_block":""}}},"block_order":["1566373570019-1","1566373570019-2","1566373570019-3"],"settings":{"title":"Slideshow","off_mobile":false,"off_desktop":false,"width_section":"w-100","width_content":false,"section_margin_top":"","section_margin_bottom":"","section_padding":"","section_bg":"#ffffff","section_bg_op":1,"no_overflow":false,"fullscreen":false,"autoplay":false,"use_navigation":false,"nav_style":"-default","nav_mode":"white","nav_position":"nav-default","use_dots":true,"dots_mode":"white","use_scrollbar":false,"h_reponsive":"360","h_reponsive_768":"441","h_reponsive_992":"352","h_reponsive_1200":"500","h_reponsive_1400":"","autoplay_speed":7,"responsive":"{\n  \"0\": {\n    \"slidesPerView\": 1,\n    \"spaceBetween\": 10\n  },\n  \"320\": {\n    \"slidesPerView\": 1,\n    \"spaceBetween\": 10\n  },\n  \"768\": {\n    \"slidesPerView\": 1,\n    \"spaceBetween\": 10\n  },\n  \"992\": {\n    \"slidesPerView\": 1,\n    \"spaceBetween\": 10\n  },\n  \"1200\": {\n    \"slidesPerView\": 1,\n    \"spaceBetween\": 10\n  }\n}","content_type":"type-1","css_section":".section_id .slideshow__title{\n  font-family: Jost !important;\n  color: #999;\n  font-size: 1.4rem;\n  letter-spacing: -.01em;\n  margin-bottom: .5rem;\n}\n.section_id .slideshow__subtitle{\n  font-family: Jost !important;\n  color: #222;\n  font-size: 3rem;\n  line-height: 1.2;\n  letter-spacing: -.03em;\n  margin-bottom: 1.2rem;\n}\n.section_id .slideshow__description{\n  font-family: Jost !important;\n  color: #fff;\n  margin-bottom: 0;\n  clear: both;\n  font-size: 1.4rem;\n  line-height: 2.4rem;\n}\n.section_id .slideshow__subtitle sup {\n  vertical-align: top;\n  font-size: 1.3rem;\n  top: 1em;\n  margin-right: 0;\n  letter-spacing: -.01em;\n}\n@media (min-width: 576px){\n  .section_id .slideshow__title{\n    font-size: 1.6rem;\n  }\n  .section_id .slideshow__subtitle{\n    font-size: 3.6rem;\n    margin-bottom: 1.3rem;\n  }\n}\n@media (min-width: 768px){\n  .section_id .slideshow__title{\n    font-size: 1.6rem;\n  }\n  .section_id .slideshow__subtitle{\n    font-size: 4.2rem;\n    margin-bottom: 1.7rem;\n  }\n  .section_id .slideshow__subtitle sup {\n    font-size: 1.6rem;\n  }\n  .section_id .slideshow__description{\n    line-height: 3.6rem;\n    font-size: 2.4rem;\n    letter-spacing: 0.05em;\n  }\n}\n@media (min-width: 992px){\n  .section_id .slideshow__subtitle sup {\n    font-size: 1.8rem;\n  }\n}\n@media (min-width: 1200px){\n  .section_id .slideshow__title{\n    font-size: 1.6rem;\n  }\n  .section_id .slideshow__subtitle{\n    font-size: 6.6rem;\n  }\n  .section_id .slideshow__subtitle sup {\n    font-size: 2rem;\n  }\n}"}},"1566375748123":{"type":"md_brand","blocks":{"1566375770693":{"type":"item","settings":{"image":"shopify:\/\/shop_images\/logo-2.png","brand_call_to_action":"\/"}},"1566375778375":{"type":"item","settings":{"image":"shopify:\/\/shop_images\/logo-4.png","brand_call_to_action":"\/"}},"1566375785672":{"type":"item","settings":{"image":"shopify:\/\/shop_images\/logo-3.png","brand_call_to_action":"\/"}},"1566375792262":{"type":"item","settings":{"image":"shopify:\/\/shop_images\/logo-8.png","brand_call_to_action":"\/"}},"1566375798087":{"type":"item","settings":{"image":"shopify:\/\/shop_images\/logo98.png","brand_call_to_action":"\/"}},"1566375854429":{"type":"item","settings":{"image":"shopify:\/\/shop_images\/logo-1.png","brand_call_to_action":"\/"}},"1566375861746":{"type":"item","settings":{"image":"shopify:\/\/shop_images\/logo-6.png","brand_call_to_action":"\/"}},"1566375867631":{"type":"item","settings":{"image":"shopify:\/\/shop_images\/logo.png","brand_call_to_action":"\/"}},"1566375873048":{"type":"item","settings":{"image":"shopify:\/\/shop_images\/logo-5.png","brand_call_to_action":"\/"}},"1566375877804":{"type":"item","settings":{"image":"shopify:\/\/shop_images\/logo-7.png","brand_call_to_action":"\/"}}},"block_order":["1566375770693","1566375778375","1566375785672","1566375792262","1566375798087","1566375854429","1566375861746","1566375867631","1566375873048","1566375877804"],"settings":{"title":"Brand","off_section":false,"off_mobile":false,"off_desktop":false,"width_section":"w-100","width_content":false,"section_margin_top":"","section_margin_bottom":"","section_padding":"","section_bg":"#ffffff","section_bg_op":1,"brand_style":"default","autoplay":false,"use_navigation":true,"nav_style":"1","nav_mode":"default","nav_position":"nav-default","use_dots":false,"dots_mode":"default","dots_position":"outside","responsive":"{\n  \"0\": {\n    \"slidesPerView\": 2,\n    \"spaceBetween\": 0\n  },\n  \"480\": {\n    \"slidesPerView\": 3,\n    \"spaceBetween\": 0\n  },\n  \"768\": {\n    \"slidesPerView\": 4,\n    \"spaceBetween\": 0\n  },\n  \"992\": {\n    \"slidesPerView\": 5,\n    \"spaceBetween\": 0\n  },\n  \"1200\": {\n    \"slidesPerView\": 7,\n    \"spaceBetween\": 0\n  }\n}"}},"1566535149884":{"type":"md_countdown_section_with_banner_1","blocks":{"1566535149884-0":{"type":"product","settings":{"title":"Product countdown","titlex":"<p>Limited Quantities<\/p>","stitle":"<p>Deal of the Day<\/p>","product":"armchair-orrsta-golden","name_btn":"Shop Now<i class=\"fkt-long-arrow-right\"><\/i>","image":"shopify:\/\/shop_images\/abimg-1.jpg"}},"1566535149884-1":{"type":"image","settings":{"title":"Banner nearby","banner-effect":"","image":"shopify:\/\/shop_images\/banner-5_f26a428e-4506-4598-9f97-3046f4dafd60.jpg","image_link":"","desc":"<span style=\"color: #fff\">The Best Choice<\/span>","titlex":"<span style=\"color: #fff\">Indigo<br>bed linen<\/span>","stitle":"<span style=\"color: #fff\">$49.99<\/span>","name_btn":"Shop Now<i class=\"fkt-long-arrow-right\"><\/i>","style_btn":"btn-underline","style_btn_rounded":"","btn_shadow":false}}},"block_order":["1566535149884-0","1566535149884-1"],"settings":{"off_mobile":false,"off_desktop":false,"title":"Countdown and banner","width_section":"w-100","width_content":true,"section_margin_top":"","section_margin_bottom":"","section_padding":"5rem 0","section_bg":"#f8f8f8","section_bg_op":1,"parallax_speed":0.2}},"1566535719773":{"type":"md_product_section_tab_load","blocks":{"1566535734515":{"type":"item","settings":{"title":"Top Selling Products","stitle":"","title_align":"text-center","t_tranform":"text-uppercase","fsize_name_tab":1.4,"margin_btitles":1.5,"margin_btitle":2.8,"products_1":"all-h2-2","products_2":"furniture-h2-2","products_3":"decoration-h2-2","products_4":"lighting-h2-1","products_5":"","products_6":"","limit_per_row":5,"limit":10,"range_row":2,"load_btn":false,"name_btn":"<span>VIEW MORE<\/span><i class=\"fkt-long-arrow-right\" aria-hidden=\"true\"><\/i>","style_btn":"btn-outline-darker","style_btn_rounded":"","btn_shadow":false}}},"block_order":["1566535734515"],"settings":{"off_mobile":false,"off_desktop":false,"title":"Products Tab","width_section":"container","width_content":false,"section_margin_top":"5rem","section_margin_bottom":"","section_padding":"","section_bg":"","section_bg_op":0.5,"use_lazyload":true,"product_grid_layout":"","use_nospace":false}},"1566545600428":{"type":"kt_HTML","settings":{"title":"Section Customize","off_mobile":false,"off_desktop":false,"width_section":"container","width_content":false,"section_margin_top":"3rem","section_margin_bottom":"5rem","section_padding":"","section_bg":"","section_bg_op":0.5,"title_section":"","stitle_section":"","reverse":false,"title_align":"","link_to":"","name_link":"","style_link":"","margin_btitle":3,"border_top":true,"border_bottom":false,"border_color":"#ebebeb","text":"","link":"","page":""}},"1570076389571":{"type":"md_blog","blocks":{"1570076412519":{"type":"title","settings":{"title_section":"From Our Blog","stitle_section":"","reverse":false,"title_align":"text-center","link_to":"","name_link":"","style_link":"","margin_btitle":3}},"1570076431151":{"type":"6","settings":{"blog":"home-1","limit":3,"content_align":"text-center","margin_btitle":3,"use_date":true,"use_content":false,"use_readmore":true,"use_bg":false,"use_shadow":false,"limit_per_row":3,"use_slide":true,"autoplay":false,"use_navigation":false,"nav_style":"-default","nav_mode":"default","nav_position":"nav-default","use_dots":true,"dots_mode":"default","dots_position":"outside","responsive":"{\n  \"0\": {\n    \"slidesPerView\": 1,\n    \"spaceBetween\": 20\n  },\n  \"320\": {\n    \"slidesPerView\": 1,\n    \"spaceBetween\": 20\n  },\n  \"768\": {\n    \"slidesPerView\": 2,\n    \"spaceBetween\": 20\n  },\n  \"992\": {\n    \"slidesPerView\": 3,\n    \"spaceBetween\": 20\n  },\n  \"1200\": {\n    \"slidesPerView\": 3,\n    \"spaceBetween\": 20\n  }\n}","load_btn":true,"style_btn":"btn-underline btn-underline-dark","style_btn_rounded":"","btn_shadow":false}}},"block_order":["1570076412519","1570076431151"],"settings":{"title":"Related post","off_mobile":false,"off_desktop":false,"width_section":"container","width_content":true,"section_margin_top":"","section_margin_bottom":"2rem","section_padding":"","section_bg":"","section_bg_op":0.5,"fweight_title":"600","fsize_stitle":1.8,"color_title":"#333333","margin_btitle":0.8,"fweight_description":"300","fsize_description":1.4,"color_desc":"#999999","margin_bdescription":0.8,"use_lazyload":true}}},"order":["1566371829835","1566375748123","1566403665924","1566437726874","1566535149884","1566535719773","1566545600428","1570076389571","1566404133629","1566442643300"]}