{"wrapper":"div#kt--psgl-js.kt--psgl-js","sections":{"main":{"type":"product-template","blocks":{"bff05202-1be8-4055-997c-43d939b52504":{"type":"tb_description","settings":{"show_tab":true,"tab_title":"Description","tab_width":"container"}},"aca72470-33d6-4838-9b5b-0d1d9184a25a":{"type":"tb_details","settings":{"show_tab":true,"tab_title":"Additional information","show_vendor":true,"show_type":true,"show_sku":true,"show_weight":true}},"66e69a7f-4c15-4450-928a-80df1e930dfe":{"type":"tb_shipping","disabled":true,"settings":{"show_tab":true,"tab_title":"Shipping & Returns","use_delivery_time":true}},"63e2b185-f4e8-4401-a5e5-0beda8f8d18a":{"type":"tb_review","settings":{"show_tab":true,"tab_title":"Review(s)"}}},"block_order":["bff05202-1be8-4055-997c-43d939b52504","aca72470-33d6-4838-9b5b-0d1d9184a25a","66e69a7f-4c15-4450-928a-80df1e930dfe","63e2b185-f4e8-4401-a5e5-0beda8f8d18a"],"settings":{"layout":"1","layout_tabs":"1","use_d_c_b":false}},"kt_recently-viewed-products":{"type":"kt_recently-viewed-products","settings":{"title":"Recently viewed Products","off_section":false,"off_mobile":false,"off_desktop":false,"width_section":"container","width_content":true,"section_margin_top":"4rem","section_margin_bottom":"6rem","section_padding":"","section_bg":"","section_bg_op":1,"autoplay":false,"use_navigation":false,"nav_style":"-default","nav_mode":"default","nav_position":"nav-default","use_dots":true,"dots_mode":"primary","dots_position":"outside","responsive":"{\n  \"0\": {\n    \"slidesPerView\": 1,\n    \"spaceBetween\": 0\n  },\n  \"375\": {\n    \"slidesPerView\": 2,\n    \"spaceBetween\": 10\n  },\n  \"768\": {\n    \"slidesPerView\": 3,\n    \"spaceBetween\": 20\n  },\n  \"992\": {\n    \"slidesPerView\": 4,\n    \"spaceBetween\": 20\n  },\n  \"1200\": {\n    \"slidesPerView\": 5,\n    \"spaceBetween\": 20\n  },\n  \"1500\": {\n    \"slidesPerView\": 5,\n    \"spaceBetween\": 20\n  }\n}"}},"kt_related-products":{"type":"kt_related-products","settings":{"title":"Related Products","off_section":false,"off_mobile":false,"off_desktop":false,"width_section":"w-100","width_content":true,"section_margin_top":"60px","section_margin_bottom":"60px","section_padding":"","section_bg":"","section_bg_op":1,"product_items":8,"autoplay":false,"use_navigation":false,"nav_style":"-default","nav_mode":"default","nav_position":"nav-default","use_dots":true,"dots_mode":"primary","dots_position":"outside","responsive":"{\n  \"0\": {\n    \"slidesPerView\": 1.3,\n    \"spaceBetween\": 20\n  },\n  \"375\": {\n    \"slidesPerView\": 2,\n    \"spaceBetween\": 20\n  },\n  \"768\": {\n    \"slidesPerView\": 3,\n    \"spaceBetween\": 20\n  },\n  \"992\": {\n    \"slidesPerView\": 4,\n    \"spaceBetween\": 20\n  },\n  \"1200\": {\n    \"slidesPerView\": 5,\n    \"spaceBetween\": 20\n  },\n  \"1500\": {\n    \"slidesPerView\": 5,\n    \"spaceBetween\": 20\n  }\n}"}}},"order":["main","kt_recently-viewed-products","kt_related-products"]}